Tank Dell,WR,109,1398,12.8,63,17
Charlie Jones,WR,110,1361,12.4,60,12
Rashee Rice,WR,96,1355,14.1,75,10
Malachi Corley,WR,101,1293,12.8,76,11
Jalin Hyatt,WR,67,1267,18.9,78,15
Marvin Harrison Jr.,WR,77,1263,16.4,58,14
Keylon Stokes,WR,76,1224,16.1,76,8
Xavier Hutchinson,WR,107,1171,10.9,38,6
Emeka Egbuka,WR,74,1151,15.6,69,10
Rome Odunze,WR,75,1145,15.3,61,7
Zakhari Franklin,WR,93,1137,12.2,43,15
Tory Horton,WR,71,1131,15.9,69,8
Jamari Thrash,WR,61,1122,18.4,75,7
Dorian Singer,WR,66,1105,16.7,73,6
Jalen McMillan,WR,79,1098,13.9,84,9
A.T. Perry,WR,81,1096,13.5,68,11
Jalen Moreno-Cropper,WR,84,1093,13.0,75,5
Isaiah Winstead,WR,88,1085,12.3,67,6
Marvin Mims Jr.,WR,54,1083,20.1,77,6
Zay Flowers,WR,78,1077,13.8,69,12
Elijah Cooks,WR,69,1076,15.6,52,10
Quentin Johnston,WR,60,1069,17.8,76,6
Jared Wayne,WR,60,1062,17.7,66,5
Trey Palmer,WR,71,1043,14.7,87,9
Tyrin Smith,WR,71,1039,14.6,76,7
Tyler Hudson,WR,69,1034,15.0,54,2
Jacob Cowing,WR,85,1034,12.2,39,7
Josh Downs,WR,94,1029,10.9,43,11
Malik Nabers,WR,72,1017,14.1,75,3
C.J. Johnson,WR,67,1016,15.2,74,10
Kris Thornton,WR,59,1015,17.2,54,7
Sam Pinckney,WR,71,996,14.0,48,3
DeMario Douglas,WR,79,993,12.6,51,6
Joshua Cephus,WR,87,985,11.3,65,6
Malik Heath,WR,60,971,16.2,53,5
Oronde Gadsden II,TE,61,969,15.9,46,6
Jeremiah Hunter,WR,60,965,16.1,58,5
Ali Jennings,WR,54,959,17.8,77,9
Elijah Spencer,WR,57,943,16.5,60,9
Brock Bowers,TE,63,942,15.0,78,7
Jaylin Lane,WR,69,940,13.6,89,5
Tre Harris,WR,65,935,14.4,64,10
Shocky Jacques-Louis,WR,74,931,12.6,41,2
Antwane Wells Jr.,WR,68,928,13.6,72,6
Khaleb Hood,WR,87,925,10.6,46,3
Brian Cobbs,WR,76,923,12.1,44,5
Trea Shropshire,WR,41,923,22.5,74,6
Devontez Walker,WR,58,921,15.9,56,11
Jose Barbon,WR,72,918,12.8,78,2
Matt Landers,WR,47,901,19.2,59,8
Tyler Scott,WR,54,899,16.6,76,9
Johnny Wilson,WR,43,897,20.9,78,5
Troy Franklin,WR,61,891,14.6,67,9
Jason Brownlee,WR,55,891,16.2,76,8
Dalton Kincaid,TE,70,890,12.7,37,8
Ronnie Bell,WR,62,889,14.3,49,4
Sam Wiglusz,WR,73,877,12.0,75,11
Bradley Rozner,WR,44,876,19.9,78,10
Jordan Addison,WR,59,875,14.8,75,8
Jalon Calhoun,WR,62,873,14.1,51,4
Daewood Davis,WR,63,872,13.8,62,7
Jaylen Hall,WR,68,869,12.8,52,6
Devin Voisin,WR,64,867,13.5,47,5
Elijhah Badger,WR,70,866,12.4,39,7
Tez Johnson,WR,56,863,15.4,74,4
Jonathan Mingo,WR,51,861,16.9,72,5
JuanCarlos Santana,WR,53,859,16.2,59,7
Alex Adams,WR,63,855,13.6,80,9
Nikko Remigio,WR,74,852,11.5,39,6
Tyrone Howell,WR,50,852,17.0,89,6
Dominic Lovett,WR,56,846,15.1,79,3
Justin Marshall,WR,64,837,13.1,69,9
Jerjuan Newton,WR,53,830,15.7,43,9
Jayshon Jackson,WR,73,823,11.3,43,3
Jalen Wayne,WR,58,817,14.1,64,9
Jake Bobo,WR,57,817,14.3,40,7
Corey Crooms Jr.,WR,57,814,14.3,75,5
Caullin Lacy,WR,65,813,12.5,44,6
Brennan Presley,WR,67,813,12.1,55,2
Michael Jefferson,WR,51,810,15.9,63,7
Michael Mayer,TE,67,809,12.1,37,9
Antoine Green,WR,43,798,18.6,80,7
Keon Coleman,WR,58,798,13.8,51,7
Javon Baker,WR,56,796,14.2,53,5
Daniel George,WR,67,793,11.8,43,2
Grant DuBose,WR,64,792,12.4,52,9
Jared Brown,WR,49,789,16.1,75,6
Tahj Washington,WR,50,785,15.7,61,6
Will Sheppard,WR,60,776,12.9,31,9
Jacoby Jones,WR,45,776,17.2,48,6
Corey Gammage,WR,52,774,14.9,57,6
Mac Hippenhammer,WR,54,769,14.2,58,9
Ladd McConkey,WR,58,762,13.1,37,7
Xavier Worthy,WR,60,760,12.7,46,9
J. Michael Sturdivant,WR,65,755,11.6,48,7
Odieu Hiliare,WR,58,747,12.9,59,6
Sam James,WR,46,745,16.2,71,6
Dante Cephas,WR,48,744,15.5,54,3
Jerand Bradley,WR,51,744,14.6,47,6
Quian Williams,WR,61,743,12.2,59,5
De'Corian Clark,WR,51,741,14.5,69,8
Malik Knowles,WR,48,725,15.1,68,2
Ryan O'Keefe,WR,73,725,9.9,68,5
Luke McCaffrey,WR,58,723,12.5,66,6
LaJohntay Wester,WR,62,719,11.6,42,8
Xavier Weaver,WR,53,718,13.5,63,6
Derwin Burgess Jr.,WR,58,717,12.4,53,7
Lawrence Arnold,WR,44,716,16.3,60,4
Isaiah Williams,WR,82,715,8.7,63,5
Jeremy Singleton,WR,66,714,10.8,65,2
RaJae' Johnson,WR,36,713,19.8,67,7
Elijah Higgins,WR,59,704,11.9,51,2
Jadon Haselwood,WR,59,702,11.9,68,3
Tetairoa McMillan,WR,39,702,18.0,47,8
Devaughn Vele,WR,55,695,12.6,47,5
Ja'Lynn Polk,WR,41,694,16.9,76,6
Malik Washington,WR,65,694,10.7,49,1
Shae Wyatt,WR,35,692,19.8,72,7
Chimere Dike,WR,47,689,14.7,74,6
Jermaine Burton,WR,40,677,16.9,52,7
Roderic Burns,WR,40,676,16.9,70,1
Bryce Ford-Wheaton,WR,62,675,10.9,67,7
Kaleb Smith,WR,37,674,18.2,85,3
Ja'Corey Brooks,WR,39,674,17.3,41,8
Tre Tucker,WR,52,672,12.9,55,3
Bru McCoy,WR,52,667,12.8,70,4
Ricky Pearsall,WR,33,661,20.0,52,5
Sam LaPorta,TE,58,657,11.3,58,1
Duece Watts,WR,33,657,19.9,73,8
Jordan Moore,WR,60,656,10.9,52,5
Nate McCollum,WR,60,655,10.9,56,3
Seydou Traore,TE,50,655,13.1,51,4
Jordan Whittington,WR,50,652,13.0,32,1
Evan Stewart,WR,53,649,12.2,43,2
Tyrell Shavers,WR,38,643,16.9,66,3
Thayer Thomas,WR,57,642,11.3,75,4
Donavon Greene,WR,37,642,17.4,60,6
Kobe Hudson,WR,39,641,16.4,64,7
Smoke Harris,WR,66,640,9.7,74,5
Jayden Reed,WR,55,636,11.6,35,5
Jahmal Banks,WR,42,636,15.1,48,9
Cole Tucker,WR,45,632,14.0,70,4
Tanner Knue,WR,45,632,14.0,67,9
Mario Williams,WR,40,631,15.8,65,5
Jyaire Shorter,WR,23,628,27.3,58,11
Barion Brown,WR,50,628,12.6,70,4
Rara Thomas,WR,44,626,14.2,75,7
Puka Nacua,WR,48,625,13.0,46,5
Terrell Vaughn,WR,56,624,11.1,75,5
Zane Pope,WR,50,623,12.5,43,4
Luke Grimm,WR,52,623,12.0,45,6
Ricky White,WR,51,619,12.1,72,4
Eddie Lewis,WR,42,615,14.6,55,7
Michael Mathison,WR,52,615,11.8,55,3
Taye Barber,WR,37,613,16.6,77,5
Ja'Tavion Sanders,TE,54,613,11.4,37,5
Parker Washington,WR,46,611,13.3,58,2
Brenden Rice,WR,39,611,15.7,74,4
Moose Muhammad III,WR,38,610,16.1,45,4
James Bostic,WR,33,607,18.4,54,1
Tre'Shaun Harrison,WR,52,604,11.6,63,4
Antonio Williams,WR,56,604,10.8,59,4
Caden Prieskorn,TE,48,602,12.5,48,7
De'Zhaun Stribling,WR,51,602,11.8,38,5
KeSean Carter,WR,38,601,15.8,41,5
Christan Horn,WR,33,600,18.2,80,4
Jordan Kerley,WR,37,588,15.9,70,6
Phillip Brooks,WR,45,587,13.0,81,4
Ashtyn Hawkins,WR,56,587,10.5,74,7
Javon Ivory,WR,46,586,12.7,68,2
Bryson Green,WR,36,584,16.2,41,5
Matthew Golden,WR,38,584,15.4,44,7
Robert Ferrel,WR,56,582,10.4,38,4
BJ Casteel,WR,48,581,12.1,75,4
Keytaon Thompson,WR,53,579,10.9,45,0
Justin Lockhart,WR,36,578,16.1,82,1
Justin Shorter,WR,29,577,19.9,75,2
Mitchell Tinsley,WR,51,577,11.3,34,5
Taylor Morin,WR,47,575,12.2,48,9
Xavier White,WR,45,572,12.7,55,3
Keanu Hill,WR,36,572,15.9,68,7
Jaylin Noel,WR,60,572,9.5,54,3
Jahmal Edrine,WR,39,570,14.6,45,6
Cam Camper,WR,46,569,12.4,40,2
Braydon Johnson,WR,32,566,17.7,49,3
Monaray Baldwin,WR,33,565,17.1,74,4
Ramel Keyton,WR,31,562,18.1,57,5
Payne Durham,TE,56,560,10.0,56,8
Miles Cross,WR,47,560,11.9,49,3
Izaiah Gathings,WR,60,559,9.3,26,2
Javon Harvey,WR,30,558,18.6,61,4
Jeshaun Jones,WR,44,557,12.7,45,4
Daniel Jackson,WR,37,557,15.1,66,5
Jha'Quan Jackson,WR,33,554,16.8,87,3
Ke'Shawn Williams,WR,39,553,14.2,42,1
Jimmy Horn Jr.,WR,37,551,14.9,91,3
Konata Mumpfield,WR,58,551,9.5,30,1
Latrell Caples,WR,51,549,10.8,50,4
Devin Maddox,WR,39,548,14.1,57,3
Evan Hull,RB,55,546,9.9,45,2
Isaiah Esdale,WR,42,544,13.0,39,2
Tyrese Chambers,WR,51,544,10.7,36,4
Kyle Williams,WR,40,541,13.5,49,5
Will Mallory,TE,42,538,12.8,39,3
Kayshon Boutte,WR,48,538,11.2,53,2
Reynaldo Flores,RB,49,534,10.9,38,1
Julian Fleming,WR,34,533,15.7,79,6
Derius Davis,WR,42,531,12.6,80,5
Aaron Turner,WR,57,527,9.2,56,3
Joseph Ngata,WR,41,526,12.8,46,2
Dylan Drummond,WR,33,525,15.9,58,3
Carlos Carriere,WR,45,520,11.6,39,2
Dane Key,WR,37,519,14.0,55,6
Gavin Holmes,WR,26,517,19.9,56,4
Je'Quan Burton,WR,33,517,15.7,57,4
Brayden Willis,TE,39,514,13.2,78,7
Myles Price,WR,51,513,10.1,54,2
Demeer Blankumsee,WR,41,512,12.5,41,3
Jesse Matthews,WR,45,508,11.3,31,3
Bryson Nesbit,TE,35,507,14.5,36,4
Deshon Stoudemire,WR,41,507,12.4,65,2
Tyrone Broden,WR,32,506,15.8,44,7
Rufus Harvey,WR,53,505,9.5,36,3
Kenny McIntosh,RB,43,504,11.7,83,2
Jalen Brooks,WR,33,504,15.3,54,1
JP Richardson,WR,49,503,10.3,83,4
Lideatrick Griffin,WR,40,502,12.6,57,4
Kaden Prather,WR,52,501,9.6,25,3
Giovanni Sanders,WR,40,500,12.5,73,1
Cyrus Allen,WR,22,500,22.7,64,4
Cornelius Johnson,WR,32,499,15.6,75,6
Brady Hunt,TE,46,498,10.8,30,5
Brevyn Spann-Ford,TE,42,497,11.8,45,2
Chase Cota,WR,36,497,13.8,49,3
Tayvion Robinson,WR,40,497,12.4,69,3
Pokey Wilson,WR,30,495,16.5,72,4
Corey Dyches,TE,39,494,12.7,68,3
Zion Bowens,WR,35,494,14.1,66,4
Ja'Varrius Johnson,WR,26,493,19.0,56,3
Champ Flemings,WR,41,492,12.0,58,1
Jeff Foreman,WR,30,491,16.4,49,4
Donovan Ollie,WR,43,491,11.4,60,3
Devaughn Cooper,WR,36,490,13.6,33,3
Brycen Tremayne,WR,38,490,12.9,37,3
Tyson Mobley,WR,40,490,12.3,33,5
Gabriel Rogers,WR,40,489,12.2,56,0
Amare Jones,WR,35,483,13.8,75,6
Squirrel White,WR,30,481,16.0,64,2
TJ Sheffield,WR,46,480,10.4,34,4
Amad Anderson Jr.,WR,38,479,12.6,40,4
Tejhaun Palmer,WR,30,479,16.0,75,2
Caleb Ducking,WR,46,477,10.4,35,8
Hassan Beydoun,WR,49,473,9.7,38,4
Kris Hutson,WR,44,472,10.7,58,0
Rakim Jarrett,WR,40,471,11.8,49,3
Marcus Washington,WR,31,471,15.2,33,1
Samuel Brown,WR,41,471,11.5,32,4
Darius Lassiter,WR,40,471,11.8,45,4
Malachai Jones,WR,37,470,12.7,44,2
Jordyn Tyson,WR,22,470,21.4,81,4
Jalil Farooq,WR,37,466,12.6,41,5
Billy Bowens,WR,32,462,14.4,53,4
Kody Epps,WR,39,459,11.8,53,6
Dalevon Campbell,WR,38,459,12.1,73,1
Christian Sims,TE,45,458,10.2,35,2
Var'Keyes Gumms,TE,34,458,13.5,54,5
Barrett Banister,WR,44,457,10.4,29,0
Anthony Gould,WR,27,457,16.9,74,3
Kade Warner,WR,46,456,9.9,41,5
Tanner McLachlan,TE,34,456,13.4,30,2
Darnell Washington,TE,28,454,16.2,34,2
Pat Bryant,WR,34,453,13.3,43,2
Jayden McGowan,WR,44,453,10.3,75,3
Brian Hightower,WR,37,452,12.2,35,2
Loic Fouonji,WR,34,451,13.3,39,3
Justin McGriff,WR,31,450,14.5,41,4
Jordan Watkins,WR,40,449,11.2,61,2
Ben Sinnott,TE,31,447,14.4,39,4
Jakarius Caston,WR,31,446,14.4,55,5
Joel Wilson,TE,44,445,10.1,23,6
Benjamin Yurosek,TE,49,445,9.1,31,1
Noah Frith,WR,25,444,17.8,60,1
Jahmyr Gibbs,RB,44,444,10.1,60,3
Skyler Bell,WR,30,444,14.8,49,5
Davis Allen,TE,39,443,11.4,41,5
Mason Fairchild,TE,35,443,12.7,48,6
Dalvin Smith,WR,35,443,12.7,47,4
Yo'Heinz Tyler,WR,49,441,9.0,23,1
Dashaun Davis,WR,37,441,11.9,44,3
Sean Ryan,WR,26,440,16.9,55,3
Quentin Skinner,WR,26,440,16.9,56,5
Justice Powers,WR,20,440,22.0,69,1
Oscar Cardenas,TE,31,438,14.1,54,2
Adonicas Sanders,WR,37,437,11.8,50,2
Nick Williams,WR,28,435,15.5,70,2
Marshon Ford,TE,33,434,13.2,39,3
J.J. Jones,WR,24,434,18.1,74,2
Kacper Rutkiewicz,WR,26,432,16.6,63,6
Griffin Hebert,TE,23,431,18.7,75,3
Dontayvion Wicks,WR,30,430,14.3,44,2
Isaiah Epps,WR,37,429,11.6,54,5
Damien Alford,WR,20,429,21.5,58,2
Rivaldo Fairweather,TE,28,426,15.2,75,3
Justus Ross-Simmons,WR,26,424,16.3,76,3
Jalin Conyers,TE,38,422,11.1,47,5
Dimitri Stanley,WR,33,420,12.7,53,1
Kaedin Robinson,WR,27,419,15.5,57,2
Michael Wilson,WR,26,418,16.1,78,4
Luke Schoonmaker,TE,35,418,11.9,40,3
Cedric Tillman,WR,37,417,11.3,61,3
Money Parks,WR,26,414,15.9,57,2
Mason Taylor,TE,38,414,10.9,38,3
Ryan Jones,TE,41,413,10.1,25,4
Joseph Scates,WR,18,412,22.9,79,4
Xzavier Henderson,WR,38,410,10.8,78,2
Emery Simmons,WR,37,408,11.0,40,1
Joshua Cobbs,WR,35,407,11.6,51,2
Victor Tucker,WR,41,406,9.9,41,6
Devin Carter,WR,25,406,16.2,52,2
Cade Stover,TE,36,406,11.3,38,5
Jaray Jenkins,WR,27,404,15.0,54,6
David Cormier,WR,15,404,26.9,80,4
Kazmeir Allen,RB,49,403,8.2,55,2
George Johnson III,WR,28,402,14.4,53,1
Chuck Montgomery,WR,36,402,11.2,71,1
Reggie Brown,TE,4,16,4.0,5,1
Bub Means,WR,27,401,14.9,45,2
Sahmir Hagans,WR,31,400,12.9,41,5
Terrance Greene Jr.,WR,22,399,18.1,62,2
Luke Lachey,TE,28,398,14.2,34,4
Stefan Cobbs,WR,29,396,13.7,37,2
Jake Roberts,TE,28,394,14.1,70,3
Nehemiah Martinez I,WR,32,394,12.3,43,2
Drake Stoops,WR,39,393,10.1,33,3
Jadon Thompson,WR,27,393,14.6,39,1
Savion Williams,WR,29,392,13.5,57,4
Erik Brooks,WR,37,391,10.6,39,3
Terrance Ferguson,TE,32,391,12.2,53,5
Miles Marshall,WR,24,390,16.3,76,2
KeAndre Lambert-Smith,WR,24,389,16.2,88,4
Jaelen Gill,WR,27,388,14.4,50,0
Nico Ragaini,WR,34,386,11.4,46,1
Josh Cameron,WR,28,386,13.8,42,0
Yusuf Ali,WR,51,385,7.5,38,2
Aron Cruickshank,WR,42,385,9.2,40,2
Tiaquelin Mims,WR,25,384,15.4,52,3
Jevin Frett,WR,30,382,12.7,46,2
Hal Presley,WR,32,382,11.9,40,4
Ja'Mori Maclin,WR,16,380,23.8,53,2
Robert Lewis,WR,22,379,17.2,53,6
Jamal Turner,TE,29,378,13.0,69,8
Theo Wease Jr.,WR,19,378,19.9,61,4
Damon Ward,WR,26,378,14.5,56,3
Moochie Dixon,WR,28,378,13.5,47,3
Deuce Vaughn,RB,42,378,9.0,80,3
Bryan Thompson,WR,25,377,15.1,38,0
Cameron Latu,TE,30,377,12.6,38,4
Jacob Copeland,WR,26,376,14.5,45,2
Roman Wilson,WR,25,376,15.0,61,4
Colbie Young,WR,32,376,11.8,71,5
Luther Burden III,WR,45,375,8.3,35,6
Cameron Sullivan-Brown,WR,27,373,13.8,53,2
Beaux Collins,WR,22,373,17.0,59,5
Tanner Koziol,TE,35,373,10.7,30,7
Mavin Anderson,WR,37,372,10.1,47,3
Lavel Davis Jr.,WR,16,371,23.2,62,2
Dalton Stroman,WR,19,371,19.5,55,4
Dylan Goffney,WR,18,369,20.5,47,2
David Martin-Robinson,TE,33,366,11.1,30,2
Dont'e Thornton Jr.,WR,17,366,21.5,58,1
DJ England-Chisolm,WR,23,366,15.9,98,4
Kyle Ford,WR,20,365,18.3,70,2
Ahmari Huggins-Bruce,WR,31,365,11.8,55,2
Brayden Cosper,WR,30,363,12.1,40,1
Ja'Shaun Poke,WR,31,362,11.7,46,1
Brenton Strange,TE,32,362,11.3,67,5
Kam Brown,WR,24,362,15.1,51,3
Jayden Thomas,WR,25,361,14.4,38,3
Brian Thomas Jr.,WR,31,361,11.6,57,5
Tre Mosley,WR,35,359,10.3,43,4
Montana Lemonious-Craig,WR,23,359,15.6,69,3
Ja'Cyais Credle,WR,28,359,12.8,57,2
Kamari Morales,TE,29,358,12.3,55,4
Chase Roberts,WR,22,357,16.2,59,3
CJ Lewis,WR,26,352,13.5,34,2
Jabre Barber,WR,25,351,14.0,60,2
Michael Wiley,RB,36,349,9.7,38,3
Mekhi Shaw,WR,29,349,12.0,51,3
Kris Mitchell,WR,23,348,15.1,55,4
John Humphreys,WR,29,348,12.0,53,1
Ta'ron Keith,RB,35,348,9.9,42,4
Jaden Walley,WR,34,348,10.2,47,3
Eli Pancol,WR,23,347,15.1,81,0
Jamari Gassett,WR,28,347,12.4,65,2
Jordan Smith,TE,25,346,13.8,47,4
Jaylen Dixon,WR,33,344,10.4,31,3
Jehlani Galloway,WR,28,344,12.3,34,0
Trey Cleveland,WR,22,344,15.6,58,0
Kordell David,WR,24,343,14.3,70,4
Malachi Carter,WR,23,342,14.9,59,2
Jack Westover,TE,31,342,11.0,27,1
Keyon Lesane,WR,31,342,11.0,44,2
Jaylen Johnson,WR,26,340,13.1,38,4
Lorenzo Styles Jr.,CB,30,340,11.3,54,1
Michael Brown-Stephens,WR,22,338,15.4,49,0
Marcus Rosemy-Jacksaint,WR,29,337,11.6,28,2
Kobe Prentice,WR,31,337,10.9,47,2
Jalen Walthall,WR,27,333,12.3,31,1
Traeshon Holden,WR,25,331,13.2,33,6
Jordan Smart,WR,21,331,15.8,53,1
Mycah Pittman,WR,32,330,10.3,25,3
Henry Pearson,TE,25,329,13.2,40,5
Giles Jackson,WR,28,328,11.7,27,1
Theo Johnson,TE,20,328,16.4,48,4
Shemar Thornton,WR,30,327,10.9,38,0
Josh Whyle,TE,32,326,10.2,35,3
Justin Robinson,WR,30,326,10.9,25,3
Kobe Paysour,WR,29,324,11.2,49,4
Zach Charbonnet,RB,37,321,8.7,44,0
Jaydn Ott,RB,46,321,7.0,27,3
Kearis Jackson,WR,21,320,15.2,35,0
Isaac Rex,TE,22,320,14.5,43,6
Tyjon Lindsey,WR,30,317,10.6,47,1
Caleb Phillips,TE,31,317,10.2,40,3
E.J. Jenkins,TE,17,316,18.6,43,3
Blake Watson,RB,37,314,8.5,36,2
Micah Bernard,RB,34,314,9.2,29,1
Bijan Robinson,RB,19,314,16.5,42,2
Koy Moore,WR,20,314,15.7,46,1
CJ Dippre,TE,30,314,10.5,26,3
Devin Ravenel,WR,24,313,13.0,43,7
Jalen McGaughy,WR,20,313,15.6,54,2
Keontez Lewis,WR,20,313,15.6,51,3
Geordon Porter,WR,22,312,14.2,69,2
Asa Martin,RB,36,312,8.7,43,1
Camren McDonald,TE,21,312,14.9,41,1
Jonah Panoke,WR,27,312,11.6,28,1
Renard Bell,WR,28,310,11.1,47,2
Jonathan Brady,WR,23,310,13.5,50,3
Daniel Arias,WR,19,309,16.3,42,1
Braden Lenzy,WR,24,309,12.9,44,3
Dayton Wade,WR,27,309,11.4,39,3
Elijah Metcalf,WR,26,309,11.9,69,2
Tai Felton,WR,23,309,13.4,37,2
Treyton Welch,TE,22,308,14.0,47,5
Brashard Smith,WR,33,308,9.3,30,0
Casey Washington,WR,31,306,9.9,25,0
Silas Bolden,WR,23,305,13.3,34,4
Thomas Yassmin,TE,13,301,23.2,72,6
Wyatt Wieland,WR,23,299,13.0,39,1
Bucky Irving,RB,31,299,9.6,37,3
Marcell Barbee,WR,21,299,14.2,45,1
Frank Ladson Jr.,WR,27,298,11.0,23,1
Mookie Cooper,WR,26,298,11.5,46,0
Roman Hemby,RB,33,298,9.0,27,1
Charles Brown,WR,22,297,13.5,67,3
Johnny Langan,TE,31,296,9.5,31,1
Josh Vann,WR,18,296,16.4,60,3
Lawrence Keys III,WR,30,296,9.9,43,2
Neal Johnson,TE,25,296,11.8,43,2
Trey Knox,TE,26,296,11.4,36,5
RJ Maryland,TE,28,296,10.6,51,6
Toa Taua,RB,41,295,7.2,29,1
Blake Whiteheart,TE,24,295,12.3,30,3
Nakia Watson,RB,30,295,9.8,35,4
Jermaine Braddock,WR,26,295,11.3,32,0
Jalen Bracey,WR,39,294,7.5,26,2
Stephon Johnson,WR,17,293,17.2,84,2
Alred Luke,WR,23,293,12.7,68,1
Austin Williams,WR,34,291,8.6,24,5
Ainias Smith,WR,15,291,19.4,63,2
Luke Wysong,WR,34,291,8.6,33,1
Titus Mokiao-Atimalala,WR,17,290,17.1,49,1
Xazavian Valladay,RB,37,289,7.8,35,2
Mikel Barkley,WR,22,289,13.1,39,3
Kevens Clercius,WR,24,288,12.0,40,1
Jo'Quavious Marks,RB,48,288,6.0,20,0
Jack Coldiron,TE,24,286,11.9,43,1
Frank Peasant,RB,28,286,10.2,32,2
Tyrick James,TE,25,285,11.4,29,5
Jake Briningstool,TE,25,285,11.4,49,4
Dillon Johnson,RB,48,285,5.9,38,0
John Stephens Jr.,WR,14,284,20.3,55,3
Logan Loya,WR,18,284,15.8,70,3
Mershawn Rice,WR,23,283,12.3,29,1
Kentron Poitier,WR,14,283,20.2,48,4
Gavin Bartholomew,TE,21,283,13.5,57,2
Jack Velling,TE,16,281,17.6,60,3
Darryl Jones,WR,30,280,9.3,27,3
Dylan Wright,WR,17,280,16.5,42,1
Gunnar Oakes,TE,27,279,10.3,27,0
Jamaal Bell,WR,28,279,10.0,58,0
Jeff Weimer,WR,26,278,10.7,32,1
Taj Davis,WR,21,277,13.2,62,3
Ketron Jackson Jr.,WR,16,277,17.3,64,3
Jalen Walker,WR,28,276,9.9,33,0
Alec Holler,TE,22,276,12.5,64,1
Anthony Sambucci,WR,20,276,13.8,44,1
Kelly Akharaiyi,WR,21,275,13.1,68,1
Josh Henderson,RB,24,274,11.4,44,4
Devin Mockobee,RB,32,274,8.6,28,0
Joshua Simon,TE,20,273,13.6,47,7
Harrison Wallace III,WR,19,273,14.4,48,1
Javen Banks,WR,19,271,14.3,52,4
Raheim Sanders,RB,28,271,9.7,73,2
Julian Ortega-Jones,WR,29,270,9.3,47,1
Isaiah Alston,WR,16,269,16.8,67,1
Lawrance Toafili,RB,24,268,11.2,65,1
Kyren Lacy,WR,24,268,11.2,45,0
Austin Jones,RB,25,267,10.7,29,1
Devin Culp,TE,29,266,9.2,26,1
Jayden Umbarger,WR,16,265,16.6,52,2
Dean Patterson,WR,17,264,15.5,46,0
Will Kacmarek,TE,20,264,13.2,32,0
Taylor Thompson,TE,14,263,18.8,40,0
Edward Saydee,RB,36,262,7.3,61,0
Samario Rudolph,WR,14,262,18.7,59,2
Jack Bradley,TE,28,260,9.3,31,2
Eric McAlister,WR,11,259,23.5,44,4
Tony Johnson,WR,23,258,11.2,37,3
George Takacs,TE,26,256,9.8,34,1
Tyjae Spears,RB,22,256,11.6,30,2
Nick Gallo,TE,30,256,8.5,35,0
Ben Sims,TE,31,255,8.2,25,3
Sean Tucker,RB,36,254,7.1,55,2
Da'Wain Lofton,WR,22,254,11.5,53,2
Shameen Jones,WR,16,252,15.8,43,2
Keaton Mitchell,RB,27,252,9.3,73,1
Justin Joly,TE,18,250,13.9,62,2
Ta'Zhawn Henry,RB,21,246,11.7,39,1
Spencer Curtis,WR,18,245,13.6,28,1
Lincoln Victor,WR,26,245,9.4,27,0
Jared Wiley,TE,24,245,10.2,30,4
Daejon Reynolds,WR,11,244,22.2,74,2
DeShawn Hanika,TE,17,244,14.4,26,4
Roderick Daniels Jr.,WR,22,243,11.0,75,3
Josiah Miamen,TE,27,242,9.0,21,1
Will Shipley,RB,38,242,6.4,26,0
Mark Walker,WR,13,242,18.6,37,1
Princeton Fant,TE,22,241,11.0,41,3
Pat Garwo III,RB,29,241,8.3,45,0
Travis Vokolek,TE,20,240,12.0,56,2
Chase Brown,RB,27,240,8.9,43,3
Tauskie Dove,WR,16,240,15.0,46,1
Xavier Restrepo,WR,21,240,11.4,52,2
Daniel Barker,TE,21,239,11.4,26,2
Gavin Blackwell,WR,18,239,13.3,36,1
Johnnie Lang,RB,24,238,9.9,27,3
Sean Atkins,WR,19,238,12.5,37,3
Quincy Skinner Jr.,WR,17,238,14.0,66,2
Donny Navarro III,WR,31,237,7.6,22,2
Christian Trahan,TE,23,237,10.3,37,3
Andison Coby,WR,18,237,13.2,49,1
Dea Dea McDougle,WR,23,236,10.3,38,1
Michael Jackson III,WR,17,236,13.9,59,4
Rontavius Groves,WR,23,235,10.2,18,1
Colston Loveland,TE,16,235,14.7,45,2
Leyton Smithson,WR,30,235,7.8,29,1
Joseph Griffin Jr.,WR,18,234,13.0,36,5
Dontay Demus Jr.,WR,22,233,10.6,35,1
Mark Redman,TE,21,233,11.1,28,2
Donovan Green,TE,22,233,10.6,28,2
Monroe Young,WR,23,231,10.0,36,3
Jaheim Bell,TE,25,231,9.2,46,2
T.J. Jones,WR,29,231,8.0,64,1
Amir Abdur-Rahman,WR,23,229,10.0,39,1
Eric Gray,RB,33,229,6.9,24,0
Lincoln Pare,RB,29,229,7.9,64,1
Isaiah Hamilton,WR,11,228,20.7,37,2
Dominick Blaylock,WR,15,227,15.1,35,1
DJ Thomas-Jones,TE,24,227,9.5,19,4
Michael Ezeike,TE,20,226,11.3,49,4
Talik Keaton,WR,24,226,9.4,38,0
Sieh Bangura,RB,27,226,8.4,25,2
Braylon McReynolds,RB,21,226,10.8,33,1
Wayne Taulapapa,RB,24,225,9.4,34,1
Roc Taylor,WR,20,225,11.3,30,1
Malik Rutherford,WR,23,225,9.8,38,0
Jordan Bly,WR,22,225,10.2,32,0
D.J. Matthews Jr.,WR,23,224,9.7,52,2
Jared Casey,TE,18,224,12.4,66,4
Jarquez Hunter,RB,17,224,13.2,62,2
Gunnar Henderson,WR,11,223,20.3,62,2
Shadrick Byrd,RB,21,222,10.6,36,1
Keegan Jones,WR,21,222,10.6,52,3
John Copenhaver,TE,15,222,14.8,47,0
Davis Koetter,WR,14,221,15.8,52,1
Drew Painter,TE,19,221,11.6,31,2
CJ Yarbrough,WR,16,221,13.8,41,2
Vincent Terrell Jr.,WR,9,221,24.6,65,2
Tykee Ogle-Kellogg,WR,13,220,16.9,70,2
Dominic Richardson,RB,22,220,10.0,44,0
Jordan Dingle,TE,20,220,11.0,24,3
Isaiah Bond,WR,17,220,12.9,53,1
Frank Gore Jr.,RB,19,219,11.5,32,0
Keilan Robinson,RB,20,219,10.9,35,3
Nick Mardner,WR,19,218,11.5,35,3
Zae Baines,WR,18,218,12.1,35,2
Harold Fannin Jr.,TE,19,218,11.5,42,1
Shedrick Jackson,WR,16,217,13.6,43,0
Jalen White,RB,22,217,9.9,37,1
Michael Redding III,WR,15,217,14.5,34,1
Dominick Mazotti,TE,21,216,10.3,36,3
RJ Harvey,RB,22,215,9.8,29,0
Braden Smith,WR,21,215,10.2,31,1
Chris Autman-Bell,WR,11,214,19.5,54,1
Riley Smith,TE,25,214,8.6,35,1
Jordan Houston,RB,25,213,8.5,34,1
La'Damian Webb,RB,21,213,10.1,28,2
Bryce Kirtz,WR,19,212,11.2,41,0
Bryce Childress,WR,17,212,12.5,72,1
Marcus Rogers,WR,14,211,15.1,50,0
Logan Diggs,RB,10,211,21.1,75,2
Austin Stogner,TE,20,210,10.5,25,1
Maliq Carr,TE,16,209,13.1,72,2
Senika McKie,WR,17,209,12.3,38,1
John Samuel Shenker,TE,20,208,10.4,27,1
Ay'Jaun Marshall,WR,6,208,34.7,77,2
Dae'Quan Wright,TE,19,208,10.9,36,0
Kenan Christon,RB,9,207,23.0,73,2
Ron Cook Jr.,RB,16,207,12.9,39,0
Josh Kelly,WR,12,207,17.3,60,0
Keleki Latu,TE,18,207,11.5,29,1
Brant Kuithe,TE,19,206,10.8,37,3
Malik McClain,WR,17,206,12.1,44,3
Andreas Paaske,TE,10,206,20.6,75,2
Reese Smith,WR,19,205,10.8,30,1
Casey Filkins,RB,17,205,12.1,42,1
Jake Bailey,WR,12,205,17.1,45,1
Juju McDowell,RB,24,205,8.5,65,1
Charles Ross,WR,14,204,14.6,40,1
Dior Scott,WR,25,204,8.2,24,0
Trent Thompson,TE,9,203,22.6,56,2
Trebor Pena,WR,22,203,9.2,30,0
Le'Meke Brockington,WR,11,203,18.5,45,1
Travis Dye,RB,21,202,9.6,19,0
Shane Calhoun,TE,25,202,8.1,36,2
Courtney Jackson,WR,15,201,13.4,25,1
Casey Cain,WR,8,201,25.1,49,0
Chris Long,WR,15,200,13.3,48,1
Donovan Edwards,RB,18,200,11.1,33,2
Jack Bech,WR,16,200,12.5,29,1
AJ Barner,TE,28,199,7.1,43,3
Key'Shawn Smith,WR,13,199,15.3,39,2
Tyrone Tracy Jr.,RB,28,198,7.1,32,0
Caleb McMillan,WR,13,198,15.2,78,1
Arian Smith,WR,7,198,28.3,76,1
Thomas Zsiros,WR,10,198,19.8,50,1
De'Von Achane,RB,36,196,5.4,25,3
Oliver Martin,WR,11,195,17.7,45,1
Brannon Spector,WR,15,195,13.0,43,2
Beau Johnson,TE,9,195,21.7,42,0
Isaac Ross,WR,21,195,9.3,27,1
Caleb Snead,WR,18,193,10.7,27,0
CJ Beasley,RB,19,193,10.2,59,1
Jjay Mcafee,TE,20,193,9.6,30,4
Ben Bresnahan,TE,16,192,12.0,28,1
Kobie Campbell,WR,17,192,11.3,32,0
Deion Colzie,WR,9,192,21.3,30,1
Marshall Lang,TE,15,192,12.8,37,0
Joey Beljan,TE,15,191,12.7,27,4
Jacob Bernard,WR,11,191,17.4,45,2
Jontavis Robertson,WR,14,191,13.6,38,1
Alante Brown,WR,16,191,11.9,32,0
Brenden Brady,RB,18,190,10.6,25,0
Xavier Gravette,TE,20,190,9.5,31,2
Markeston Douglas,TE,14,190,13.6,29,2
Errol Rogers Jr.,WR,20,189,9.4,22,0
Jaden Nixon,RB,21,189,9.0,35,3
Ahmarean Brown,WR,23,188,8.2,26,0
Kaytron Allen,RB,20,188,9.4,45,1
Amari Terry,WR,7,187,26.7,68,1
Arland Bruce IV,WR,19,187,9.8,27,1
Henry Rutledge,RB,12,187,15.6,36,1
Julien Lewis,WR,18,187,10.4,38,0
Treon Sibley,WR,11,186,16.9,30,3
EJ Horton,WR,12,186,15.5,65,1
Isaiah Bowser,RB,14,185,13.2,45,0
Messiah Swinson,TE,15,185,12.3,35,2
Raymond Pauwels,TE,21,185,8.8,29,2
Tyler Foster,TE,13,185,14.2,39,4
Devin Neal,RB,21,183,8.7,53,1
Dino Tomlin,WR,10,181,18.1,32,0
Dontae Fleming,WR,19,181,9.5,55,3
Austin Upshaw,WR,18,180,10.0,38,1
D'Marcus Adams,WR,6,180,30.0,45,2
Tristen Tewes,TE,15,180,12.0,34,3
Tank Bigsby,RB,30,180,6.0,37,0
Dillon Bell,WR,20,180,9.0,24,3
Joshua Thompson,WR,3,179,59.7,79,1
Warren Thompson,WR,12,178,14.8,56,2
Jsi Hatfield,WR,11,178,16.2,55,0
Keon Zipperer,TE,13,177,13.6,44,1
Braheam Murphy,RB,6,177,29.5,73,1
Kaelon Black,RB,17,177,10.4,25,2
MarShawn Lloyd,RB,18,176,9.8,43,2
Omarion Dollison,WR,12,176,14.7,40,0
TJ Banks,TE,21,175,8.3,22,0
Raleek Brown,WR,16,175,10.9,40,3
Caleb Douglas,WR,10,175,17.5,62,2
Lexington Joseph,RB,29,174,6.0,60,2
Peter LeBlanc,WR,22,174,7.9,26,1
Jase McClellan,RB,14,174,12.4,65,3
Fabian McCray,WR,13,174,13.4,33,0
Jordan Hudson,WR,14,174,12.4,31,3
Tip Reiman,TE,19,174,9.2,20,1
Ahmarian Granger,WR,15,174,11.6,38,0
Drake Dabney,TE,16,173,10.8,29,0
Nate Jones,TE,16,173,10.8,31,1
Isaiah Spencer,TE,18,172,9.6,22,1
Dedrick Parson,RB,30,171,5.7,22,1
Marcus Sanders Jr.,WR,20,171,8.6,25,1
Boogie Knight,WR,19,170,8.9,37,1
Leonard Taylor,TE,18,170,9.4,21,2
Te'Vailance Hunt,WR,16,170,10.6,33,3
Christian Wells,WR,9,170,18.9,75,3
Nicky Dalmolin,TE,21,170,8.1,38,4
Cole Harrity,WR,13,170,13.1,33,1
Jaden Williams,WR,11,170,15.5,53,2
Parker Christensen,TE,19,169,8.9,29,1
Luke Musgrave,TE,11,169,15.4,30,1
Ray Davis,RB,29,169,5.8,24,3
Noah Whittington,RB,22,169,7.7,29,1
Donaven McCulley,WR,16,169,10.6,48,1
R.J. Sneed II,WR,20,168,8.4,20,0
Devin Miller,TE,21,168,8.0,20,2
Shelton Zeon III,TE,15,168,11.2,41,0
Nate Adkins,TE,13,168,12.9,32,0
Cade Conley,TE,11,168,15.3,39,0
Xavier Legette,WR,18,167,9.3,42,3
Hudson Habermehl,TE,15,167,11.1,51,2
Adam Jones,WR,16,167,10.4,25,0
Noah Koenigsknecht,WR,10,167,16.7,47,1
Brionne Penny,WR,12,166,13.8,40,0
Larry McCammon,RB,15,166,11.1,35,1
Carson Steele,RB,29,166,5.7,29,1
Alex Broome,RB,26,166,6.4,14,1
Hassan Hall,RB,28,165,5.9,36,0
Sackett Wood Jr.,TE,12,165,13.8,33,0
Tahj Brooks,RB,27,164,6.1,17,1
Nolan McCormick,RB,20,164,8.2,35,1
Josiah Johnson,TE,24,163,6.8,21,0
Jacob Warren,TE,12,163,13.6,45,0
Cole Cavallo,TE,19,163,8.6,30,1
Tailique Williams,WR,15,163,10.9,26,0
Bryce Damous,TE,14,163,11.6,33,1
Thomas Gordon,TE,12,162,13.5,26,0
Cole Turner,WR,8,161,20.1,68,0
Terrell Bynum,WR,16,159,9.9,29,1
Cavon Croom,WR,18,159,8.8,30,1
Koby Drake,WR,13,159,12.2,41,1
Daverrick Jenkins,WR,9,159,17.7,53,0
Zach Horton,TE,13,159,12.2,23,2
Joseph Manjack IV,WR,15,158,10.5,23,1
Octavian Smith Jr.,WR,12,157,13.1,42,2
Jack Hestera,WR,14,157,11.2,31,0
Michael Trigg,TE,17,156,9.2,28,3
Chris Smith,RB,21,155,7.4,24,1
Torry Locklin,RB,8,155,19.4,60,2
Jayden Ballard,WR,8,155,19.4,72,1
JoJo Earle,WR,12,155,12.9,42,2
Finn Hogan,WR,19,155,8.2,28,1
Ashton Jeanty,RB,14,155,11.1,42,0
Jaylen Ellis,WR,3,154,51.3,57,1
Dan Dishman,TE,13,154,11.8,42,1
Brady Russell,TE,20,153,7.7,14,0
Sean Shaw Jr.,WR,16,153,9.6,18,2
Tristian Brank,TE,16,153,9.6,22,1
James Tupou,FB,12,152,12.7,24,2
Lance LeGendre,WR,13,152,11.7,37,1
Dean Engram,WR,13,152,11.7,37,0
Xavier Johnson,WR,13,151,11.6,37,2
George Holani,RB,24,151,6.3,22,3
Porter Rooks,WR,19,151,7.9,18,1
Isiah Paige,WR,16,151,9.4,22,1
Star Thomas,RB,12,151,12.6,44,3
J.J. Sparkman,WR,14,150,10.7,33,1
Tyler Roberts,WR,7,150,21.4,47,3
Shadeed Ahmed,WR,16,150,9.4,33,1
Deion Burks,WR,15,149,9.9,30,0
Jacob Jenkins,TE,11,149,13.5,37,5
Dae Dae Hunter,RB,18,149,8.3,41,1
James Phillips,WR,17,148,8.7,24,0
Demie Sumo-Karngbaye,RB,12,148,12.3,38,1
Devonte Ross,WR,13,147,11.3,37,0
Cortez Braham,WR,14,147,10.5,30,0
Israel Abanikanda,RB,12,146,12.2,37,1
Tamatoa Mokiao-Atimalala,WR,15,146,9.7,18,2
Nate Noel,RB,24,145,6.0,33,0
Blake Bosma,TE,20,145,7.3,38,1
Zack Kuntz,TE,12,144,12.0,34,2
Trey Benson,RB,13,144,11.1,34,0
Kairee Robinson,RB,26,144,5.5,26,0
Johnny Lumpkin,TE,16,143,8.9,28,4
Sean Dollars,RB,16,143,8.9,39,0
Paul Piferi,TE,10,143,14.3,26,1
Kevin Davis,RB,19,143,7.5,18,0
Michael Marchese,TE,9,142,15.8,39,2
Clay Cundiff,TE,9,142,15.8,47,2
Chris Bellamy,WR,12,142,11.8,27,0
Robbie Mangas,TE,16,141,8.8,23,0
Kimani Vidal,RB,26,140,5.4,18,0
Clyde Price III,RB,31,139,4.5,22,1
Chris Tyree,WR,24,138,5.8,21,2
Orion Peters,WR,13,138,10.6,27,1
Thai Chiaokhiao-Bowman,WR,7,138,19.7,38,0
Cody Schrader,RB,19,137,7.2,29,0
Keshawn King,RB,20,137,6.8,25,1
Cameron Davis,RB,19,137,7.2,19,0
Maquel Haywood,RB,8,137,17.1,43,2
Fred Lloyd Jr.,WR,7,136,19.4,46,0
Geor'quarius Spivey,TE,11,136,12.4,23,1
Trell Harris,WR,13,136,10.5,24,1
Johnny Ford,RB,10,135,13.5,35,1
Ikaika Ragsdale,RB,19,135,7.1,26,3
Audric Estime,RB,9,135,15.0,36,1
Qualan Jones,RB,23,135,5.9,25,0
Mike Washington,RB,23,135,5.9,23,1
Tyrell Robinson,RB,7,135,19.3,47,1
Stephen Gosnell,WR,10,134,13.4,24,0
Moliki Matavao,TE,10,134,13.4,24,1
Adonai Mitchell,WR,9,134,14.9,27,3
Stacy Sneed,RB,22,133,6.0,27,0
Marlyn Johnson,WR,17,133,7.8,18,0
Zach Rasmussen,TE,16,133,8.3,17,4
Baylor Cupp,TE,12,132,11.0,24,2
Josh Williams,RB,21,132,6.3,21,0
Quinshon Judkins,RB,15,132,8.8,25,1
Darion Williamson,WR,8,131,16.4,52,0
Kaylon Horton,WR,12,131,10.9,51,1
Tyler Page,WR,11,130,11.8,42,2
Christopher Toudle,TE,11,130,11.8,27,1
Sam Kenerson,WR,8,130,16.3,31,0
Jacolby George,WR,13,130,10.0,24,0
Andre Johnson,WR,15,130,8.7,28,1
Jaden Bradley,WR,10,130,13.0,37,2
Calvin Tyler Jr.,RB,15,129,8.6,35,1
Grant Misch,TE,17,129,7.6,16,0
Max Wright,TE,9,129,14.3,31,1
John Emery Jr.,RB,13,129,9.9,39,2
Easton Dean,TE,10,129,12.9,24,2
Josh Sterzer,TE,11,129,11.7,68,1
Jaleel Skinner,TE,9,129,14.3,30,1
Jadan Blue,WR,12,128,10.7,29,1
Shaun Shivers,RB,22,128,5.8,24,1
Roschon Johnson,RB,14,128,9.1,38,1
Lew Nichols,RB,21,128,6.1,21,0
Jalen Berger,RB,19,128,6.7,32,0
Germie Bernard,WR,7,128,18.3,44,2
Adam Randall,WR,10,128,12.8,18,0
Mekhi Miller,WR,8,128,16.0,25,0
Donnovan Moorer,WR,17,128,7.5,21,1
Pearse Migl,TE,17,127,7.5,17,2
Gamarion Carter,WR,6,127,21.2,80,1
Jaylon Jackson,WR,3,46,15.3,28,0
Xavier Townsend,WR,23,127,5.5,16,0
Jordan Mims,RB,21,126,6.0,26,1
Dontae Smith,RB,19,125,6.6,24,0
Sammy Wheeler,TE,8,125,15.6,42,2
Andrew Bench,TE,10,125,12.5,31,2
Aidan Robbins,RB,23,125,5.4,22,1
Brady Boyd,WR,13,125,9.6,18,1
Josh Kattus,TE,7,125,17.9,70,0
Josiah Norwood,WR,11,124,11.3,50,1
Deyunkrea Lewis,TE,5,124,24.8,40,2
Mitch Leigber,S,16,124,7.8,23,0
Jeremiah Aaron,WR,12,124,10.3,22,1
Latreal Jones,WR,10,124,12.4,59,0
Ja'Khi Douglas,WR,10,123,12.3,27,2
Tyler Warren,TE,10,123,12.3,38,3
Fred Farrier II,WR,11,123,11.2,20,1
Camden Brown,WR,9,123,13.7,49,2
Von Swinton,WR,12,122,10.2,35,0
Tyler Lavine,RB,16,122,7.6,13,0
Will Pauling,WR,12,122,10.2,30,0
Johnny Richardson,RB,22,122,5.5,25,1
Genson Hooper Price,WR,12,121,10.1,25,0
Jerome Jackson,TE,15,120,8.0,17,1
Dakereon Joyner,RB,8,120,15.0,48,1
Jack Eschenbach,TE,14,120,8.6,23,0
Henry Parrish Jr.,RB,17,120,7.1,15,2
Jermaine Brown Jr.,RB,19,120,6.3,21,0
Isaiah Garcia-Castaneda,WR,5,120,24.0,58,1
SaRodorick Thompson Jr.,RB,23,119,5.2,30,1
Ty McCullouch,WR,13,119,9.2,25,0
Harrison Waylee,RB,17,119,7.0,25,0
Caleb Hood,RB,13,119,9.2,22,1
Zach Evans,RB,12,119,9.9,23,1
Jordin Parker,WR,6,119,19.8,36,0
Kemore Gamble,TE,7,118,16.9,35,1
Jeremiah Ballard,WR,10,118,11.8,42,1
Bentley Hanshaw,TE,6,117,19.5,67,1
Ezrah Archie,WR,9,117,13.0,25,1
Dexter Boykin,WR,13,117,9.0,15,0
Cam Wiley,RB,22,117,5.3,15,0
Billy Riviere III,TE,12,117,9.8,38,1
LeQuint Allen,RB,17,117,6.9,41,1
Khalan Laborn,RB,16,116,7.3,30,0
Chuck McClelland,RB,14,116,8.3,30,0
Billy Kemp IV,WR,16,116,7.3,20,0
Walker Merrill,WR,8,116,14.5,38,3
Jaylen Thomas,RB,15,116,7.7,27,0
Kendre Miller,RB,16,116,7.3,21,0
Tanner Arkin,TE,14,116,8.3,26,0
Isaac Guerendo,RB,17,115,6.8,27,1
Mike Hollins,RB,8,114,14.3,64,0
Eugene Minter Jr.,TE,10,114,11.4,38,0
Sam Olson,TE,14,114,8.1,18,1
Jaelin Carter,WR,7,113,16.1,28,2
Jirehl Brock,RB,21,113,5.4,13,1
Kevorian Barnes,RB,10,113,11.3,42,0
Bud Tolbert,WR,14,113,8.1,26,0
Yulkeith Brown,WR,6,112,18.7,66,1
Simeon Price,RB,13,112,8.6,32,1
Alex Bauman,TE,8,112,14.0,24,1
Trent Pennix,TE,8,111,13.9,27,2
Sean Tyler,RB,12,111,9.3,76,1
Lincoln Sefcik,TE,13,111,8.5,24,1
Andrew Erickson,WR,12,110,9.2,31,0
Kris Byrd,TE,10,110,11.0,55,3
Chris Hilton Jr.,WR,7,109,15.6,51,0
Bryce Stephens,WR,9,109,12.1,54,1
Tanaka Scott,WR,8,109,13.6,52,0
Tyler Walton,WR,10,108,10.8,24,0
Tyneil Hopper,TE,13,108,8.3,30,0
Titus Swen,RB,14,108,7.7,43,0
Chris Marshall,WR,11,108,9.8,18,0
Rashod Dubinion,RB,12,108,9.0,29,1
Ben Redding,TE,13,107,8.2,20,4
Ahmon Green,TE,13,107,8.2,22,0
Elijah Green,RB,17,107,6.3,22,1
Melquan Stovall,WR,13,106,8.2,22,0
Jordan Waters,RB,16,106,6.6,19,0
Jimmy Holiday,WR,6,106,17.7,53,1
Jabari Small,RB,12,106,8.8,16,2
Lake McRee,TE,10,106,10.6,31,2
Vincent Davis Jr.,RB,12,106,8.8,22,0
Michael Vice,TE,12,105,8.8,31,1
Julian Gray,WR,11,105,9.5,24,0
Joshua Lingenfelter,TE,3,105,35.0,44,0
Chris Bell,WR,7,105,15.0,29,0
Peyton Sawyer,WR,6,104,17.3,53,1
Anthony Grant,RB,18,104,5.8,19,0
Chauncey Magwood,WR,7,104,14.9,26,1
Kyle Maxwell,WR,12,104,8.7,19,0
Charles Hall IV,WR,9,104,11.6,23,0
Braelon Allen,RB,13,104,8.0,39,0
Jay Ducker,RB,12,103,8.6,37,0
Kendrick Law,WR,8,103,12.9,39,0
D.J. Jones,DB,12,102,8.5,42,1
Jaivian Lofton,WR,10,102,10.2,34,2
Solomon Enis,WR,12,101,8.4,16,1
Devonte Lee,RB,13,101,7.8,26,0
Daijun Edwards,RB,14,101,7.2,21,0
Will Pelissier,WR,8,101,12.6,48,1
Jacob Munro,TE,9,101,11.2,24,0
Chancellor Brewington,TE,11,100,9.1,45,1
Gavin Schoenwald,TE,9,100,11.1,27,3
JuTahn McClain,RB,18,100,5.6,31,1
Dylan Downing,RB,12,100,8.3,15,0
Mason Tharp,TE,12,100,8.3,21,2
Brenden Bates,TE,10,99,9.9,23,1
Romello Brinson,WR,7,99,14.1,58,0
Jacob Gill,WR,7,99,14.1,47,1
Nick Cenacle,WR,8,99,12.4,33,0
Chris Brooks,RB,10,98,9.8,27,0
Tyler Hunt,TE,15,98,6.5,18,0
Tahj Magee,WR,9,98,10.9,34,2
Montorie Foster Jr.,WR,7,98,14.0,25,1
DJ Giddens,RB,8,98,12.3,36,0
Louis Brown IV,WR,12,98,8.2,24,0
Jaylen Jenkins,RB,13,98,7.5,45,2
Raymond James,WR,13,97,7.5,14,0
Michael Allen,RB,11,97,8.8,34,1
Hinckley Ropati,RB,6,97,16.2,48,1
NyNy Davis,WR,14,97,6.9,14,0
Elijah Queen,TE,10,96,9.6,26,0
Andrew Sowinski,WR,9,96,10.7,24,0
Dallas Dixon,WR,6,96,16.0,43,0
Patrick Herbert,TE,6,95,15.8,40,1
Jayden Harrison,WR,12,95,7.9,28,1
Daniel Hishaw Jr.,RB,3,95,31.7,73,1
John Dunmore,WR,9,95,10.6,26,0
Kris Leach,TE,8,94,11.8,23,0
Marquez Cooper,RB,8,94,11.8,27,0
Diante Vines,WR,10,94,9.4,15,0
Liam Soraghan,TE,11,93,8.5,17,3
Samson Evans,RB,15,93,6.2,11,0
Kevin Terry,WR,8,93,11.6,30,0
Elijah Collins,RB,14,93,6.6,22,0
Nate Muersch,TE,9,93,10.3,30,1
Darius Bracy,RB,16,92,5.8,20,2
Mac Dalena,WR,10,92,9.2,24,1
Peyton Higgins,WR,5,92,18.4,39,1
Andrew Henry,RB,11,92,8.4,29,1
Bryce Williams,RB,11,91,8.3,19,0
Brian Battie,RB,14,91,6.5,31,0
Taji Johnson,WR,9,91,10.1,32,0
Trent Battle,RB,7,91,13.0,21,0
Markus Allen,WR,7,91,13.0,19,1
Malachi Thomas,RB,13,91,7.0,23,1
DeMarcus Harris,WR,4,90,22.5,58,0
Brandon Campbell,RB,15,90,6.0,35,0
Dylan Leonard,TE,11,90,8.2,19,0
Malachi Holt-Bennett,WR,6,90,15.0,28,0
Austin Evans,TE,7,90,12.9,24,1
Jalen Preston,WR,7,89,12.7,20,1
Karter Johnson,TE,6,89,14.8,41,0
Nolan Groulx,WR,7,89,12.7,26,0
Liam Clifford,WR,8,89,11.1,20,0
Keelan Marion,WR,4,89,22.3,37,1
Richard Reese,RB,13,89,6.8,17,0
Connor Blumrick,TE,8,88,11.0,16,0
Luke Ford,TE,10,88,8.8,18,0
Quinton Patten,WR,9,88,9.8,22,0
Kyle Van Leeuwen,WR,8,88,11.0,31,1
Dane Kinamon,WR,2,88,44.0,80,1
Trent Whittemore,WR,4,87,21.8,33,0
Trevor Borland,TE,11,87,7.9,14,0
Brody Brecht,WR,9,87,9.7,19,0
Jalen May,WR,2,87,43.5,89,1
Solomon Vanhorse,RB,6,86,14.3,46,1
Dallin Holker,TE,9,86,9.6,19,1
Blake Nowell,WR,6,86,14.3,44,0
Matt Sykes,WR,6,86,14.3,27,1
Braydon Bennett,RB,4,86,21.5,41,0
JR Wilson,WR,8,86,10.8,15,0
Clay Geary,WR,6,85,14.2,26,1
Luke Benson,TE,9,85,9.4,19,0
Jawhar Jordan,RB,10,85,8.5,15,0
Rashod Owens,WR,6,85,14.2,41,0
Shamar Garrett,RB,9,85,9.4,27,1
Bugs Mortimer,WR,14,85,6.1,15,0
Nicholas Singleton,RB,11,85,7.7,22,1
Deion Smith,RB,11,84,7.6,41,0
Cam Johnson,WR,10,84,8.4,16,0
Jeremy Tate Jr.,WR,8,84,10.5,34,1
Deneric Prince,RB,9,84,9.3,19,1
Peny Boone,RB,10,84,8.4,28,0
Davion Ervin-Poindexter,RB,15,84,5.6,34,0
Trae Hall,WR,8,83,10.4,21,0
Marcus Bellon,WR,5,83,16.6,52,1
Colin O'Brien,TE,4,83,20.8,46,0
Tony Grimes Jr.,WR,10,83,8.3,16,0
Myles Bailey,RB,9,83,9.2,22,1
Jaylan Knighton,RB,9,82,9.1,41,0
Dariyan Wiley,WR,7,82,11.7,25,0
Eli Wilson,TE,10,82,8.2,27,1
Dekel Crowdus,WR,4,82,20.5,50,0
Carsen Ryan,RB,6,82,13.7,26,0
Ethan Payne,RB,10,82,8.2,15,0
Jaylin Lucas,RB,16,82,5.1,25,0
Thomaz Whitford,TE,12,82,6.8,14,2
Tylan Hines,RB,9,82,9.1,29,0
Messiah Travis,WR,9,81,9.0,13,1
Shedro Louis,RB,9,81,9.0,21,0
Leo Blackburn,WR,5,81,16.2,37,1
Jaquez Moore,RB,7,81,11.6,32,0
Marion Lukes,RB,5,81,16.2,37,1
Sherod White,RB,9,80,8.9,27,0
Craig Williams,RB,11,80,7.3,39,1
Lopini Katoa,RB,10,80,8.0,12,0
Blake Corum,RB,11,80,7.3,41,1
Andrel Anthony,WR,7,80,11.4,29,1
Tre Watson,TE,8,80,10.0,17,0
Jackson Canaan,TE,8,80,10.0,26,1
Drue Jackson,WR,9,79,8.8,21,0
Terrell Timmons Jr.,WR,3,79,26.3,43,1
Boden Groen,TE,9,79,8.8,16,0
Elijah Mojarro,TE,8,78,9.8,20,0
Leshon Williams,RB,11,78,7.1,15,0
Max Bredeson,TE,5,78,15.6,56,0
Marlon Gunn Jr.,RB,14,77,5.5,14,0
Braylen Walker,WR,4,77,19.3,48,1
Ronald Awatt,RB,6,76,12.7,34,0
Gavin Sharp,TE,5,76,15.2,47,0
Chase Lane,WR,7,76,10.9,25,0
Noah Cain,RB,9,76,8.4,20,0
Ian Stewart,WR,7,76,10.9,15,2
Kenny Tracy,RB,12,76,6.3,13,1
Ollie Gordon II,RB,12,76,6.3,14,2
Christian Washington,RB,12,76,6.3,27,0
Cameron Montgomery,RB,8,75,9.4,35,0
Dante Zanders,TE,10,75,7.5,12,0
Courtney Reese,RB,14,75,5.4,18,0
Hayden Rucci,TE,6,75,12.5,15,1
AJ Green,RB,6,75,12.5,30,0
Makai Cope,WR,7,75,10.7,21,1
Demick Starling,WR,3,75,25.0,40,0
EJ Wilson Jr.,RB,19,75,3.9,13,0
Joshua Youngblood,WR,6,74,12.3,22,0
Ryan Davis,WR,6,74,12.3,36,0
Chandler Pittman,RB,5,74,14.8,53,1
Emmanual Stevenson,TE,13,74,5.7,15,0
Kye Robichaux,RB,13,74,5.7,17,0
Boobie Curry,WR,6,73,12.2,20,0
Jackson Acker,RB,5,73,14.6,28,1
Seth Jones,WR,7,73,10.4,18,0
Rodney Hammond Jr.,RB,6,73,12.2,49,0
Duece Jones,WR,5,73,14.6,26,0
Dequan Stanley,WR,1,73,73.0,73,1
Omni Wells,RB,14,73,5.2,17,0
Dalen Cobb,WR,8,73,9.1,17,0
Michel Dukes,RB,8,72,9.0,35,0
Keshawn Wicks,RB,13,72,5.5,21,0
Koali Nishigaya,WR,6,72,12.0,17,0
Rayvante Embry,TE,5,72,14.4,28,0
Maurice Turner,RB,12,72,6.0,24,0
Beau Corrales,WR,6,71,11.8,15,0
Rahjai Harris,RB,9,71,7.9,19,1
Chris Carpenter,WR,10,71,7.1,22,0
Michael Hetzel,WR,5,71,14.2,22,0
Christian Moss,WR,6,71,11.8,21,0
Jamoni Jones,RB,6,71,11.8,39,1
Jordan Murray,TE,10,70,7.0,13,0
RJ Garcia II,WR,7,70,10.0,25,1
E.J. Williams Jr.,WR,7,70,10.0,14,0
Tsion Nunnally,WR,7,70,10.0,39,0
Craig Burt Jr.,WR,4,70,17.5,25,0
Mason Starling,WR,7,70,10.0,17,0
Ta'ir Brooks,WR,2,70,35.0,62,0
Will Jones,RB,9,69,7.7,33,0
Langston Anderson,WR,4,69,17.3,26,0
Jonathan Odom,TE,7,69,9.9,21,2
Alex Brown,WR,6,69,11.5,32,1
Holden Willis,WR,6,69,11.5,24,1
Cartevious Norton,RB,12,69,5.8,23,0
Micah Kelly,RB,12,68,5.7,20,1
Artez Hooker,WR,9,68,7.6,15,0
Zach Jackson,WR,9,67,7.4,17,0
Dee Wiggins,WR,4,67,16.8,23,0
Juma Otoviano,RB,4,67,16.8,48,1
Tucker Gregg,RB,6,67,11.2,16,0
Seven McGee,WR,11,67,6.1,15,0
Justin Ball,TE,5,67,13.4,36,0
Cam McCormick,TE,10,66,6.6,17,3
Jalen Holston,RB,10,66,6.6,20,0
Raymond Niro III,WR,5,66,13.2,41,2
Scoobie Ford,WR,8,66,8.3,19,0
Mike O'Laughlin,TE,5,66,13.2,32,0
Steven Fiso,WR,3,66,22.0,27,1
Nathaniel Peat,RB,10,66,6.6,12,1
Will Nixon,RB,7,66,9.4,18,0
Trey Cooley,RB,9,66,7.3,17,1
Elijah Arroyo,TE,5,66,13.2,29,0
Trevor Etienne,RB,9,66,7.3,26,0
Ryan Montgomery,RB,4,65,16.3,30,0
Saan Lewis,WR,6,65,10.8,21,1
Emari Demercado,RB,13,65,5.0,18,1
Trevor Kardell,TE,5,65,13.0,22,1
DJ Williams,RB,5,65,13.0,26,0
Jackson Meeks,WR,6,65,10.8,18,0
Marquis Crosby,RB,9,65,7.2,38,0
Gage Haskin,TE,4,65,16.3,27,0
Bryce Bohanon,WR,4,65,16.3,24,0
Marqeese Dietz,WR,5,65,13.0,25,0
Brody Belt,WR,7,64,9.1,21,1
Anthony Torres,TE,5,64,12.8,23,0
Kendall Milton,RB,5,64,12.8,35,1
Javion Posey,WR,5,64,12.8,26,0
Deuce Spann,WR,8,64,8.0,20,0
Drew Swinney,WR,8,63,7.9,17,0
Malik Jackson,RB,16,63,3.9,12,0
Miller Gibbs,TE,7,63,9.0,13,3
Blair Conwright,WR,5,63,12.6,17,0
E.J. Smith,RB,8,63,7.9,15,1
Avery Morrow,RB,18,63,3.5,16,0
Brody Dalton,TE,4,63,15.8,32,0
Malique Dieudonne,WR,5,63,12.6,28,0
Wayne Knight,RB,5,63,12.6,32,0
Peje' Harris,TE,6,62,10.3,23,0
Blue Smith,WR,5,62,12.4,23,0
Matt Salerno,WR,5,62,12.4,31,1
Justice Ellison,RB,6,62,10.3,22,0
Nick Nash,WR,6,62,10.3,17,1
Jay'juan Townsend,WR,4,62,15.5,30,0
Anton Hall Jr.,RB,1,62,62.0,62,1
Jacquon Gibson,WR,4,62,15.5,29,0
Ty Jones,WR,6,61,10.2,21,0
Henry Teeter,TE,6,61,10.2,23,1
A.J. Abbott,WR,5,61,12.2,31,1
Marcus Major,RB,8,61,7.6,24,1
Khafre Brown,WR,4,61,15.3,20,0
Delbert Mimms III,RB,5,61,12.2,30,1
Antonio Harmon,TE,5,61,12.2,16,0
Devin Boddie Jr.,WR,3,61,20.3,38,0
Oscar Delp,TE,5,61,12.2,28,1
Kelsey Johnson,TE,9,61,6.8,14,1
Damien Martinez,RB,4,61,15.3,30,0
Quentin Moore,TE,5,61,12.2,25,0
Jordan Byrd,RB,10,60,6.0,16,1
A.J. Henning,WR,9,60,6.7,16,0
Ja'Quavion Fraziars,WR,5,60,12.0,19,1
Zuberi Mobley,RB,7,60,8.6,22,1
Isaiah Jones,WR,4,60,15.0,25,1
Richard Newton,RB,3,59,19.7,36,1
Gunner Romney,WR,5,59,11.8,34,0
Skylar Loving-Black,TE,6,59,9.8,32,2
Isaiah Washington,WR,3,59,19.7,43,1
Cole Wright,WR,2,59,29.5,47,0
Jamire Calvin,WR,11,58,5.3,9,1
Stephen Martin,WR,4,58,14.5,34,1
Eric Marsh,TE,4,58,14.5,25,1
Malachi Fields,WR,5,58,11.6,15,1
Zay Franks,CB,1,58,58.0,58,1
Montrell Johnson Jr.,RB,12,58,4.8,18,1
Anthony Smith,WR,2,58,29.0,40,1
Sutton Smith,RB,4,58,14.5,24,0
OJ Arnold,RB,10,58,5.8,19,1
Braden Cassity,FB,5,57,11.4,38,0
Yusuf Terry,WR,7,57,8.1,14,0
King Doerue,RB,6,57,9.5,32,0
Kalvin Souders,WR,4,57,14.3,18,0
Bryce Bailey,WR,6,57,9.5,19,0
Alex Fontenot,RB,6,56,9.3,16,0
Steven Anderson,RB,3,56,18.7,40,0
Kobe Lewis,RB,7,56,8.0,17,0
Demarcus Jones,WR,3,56,18.7,36,0
JJ Henry,WR,5,56,11.2,22,0
Cedd Seabrough,TE,9,56,6.2,18,1
Ja'Quez Cross,RB,10,56,5.6,15,0
Omari Kelly,WR,3,56,18.7,25,0
Anthony Simpson,WR,4,56,14.0,51,0
Jonah Morris,WR,4,55,13.8,21,0
La'Darius Jefferson,RB,5,55,11.0,25,0
Justin Richard Baker,WR,1,55,55.0,55,1
Kole Taylor,TE,5,55,11.0,26,0
Omari Evans,WR,5,55,11.0,32,1
Ross Fournet,WR,9,55,6.1,19,0
Tyler Stephens,TE,5,54,10.8,28,1
Traevon Kenion,TE,3,54,18.0,21,1
Tyson Davis,WR,3,54,18.0,36,1
Jaden Bray,WR,5,54,10.8,24,0
Tyrese Mack,WR,6,54,9.0,19,0
Quinton Jackson,RB,2,54,27.0,34,0
Chuuky Hines,WR,7,54,7.7,23,0
Daniyel Ngata,RB,9,53,5.9,14,0
Darren Wilson Jr.,WR,3,53,17.7,39,0
Khalil Dinkins,TE,4,53,13.3,28,1
Mudia Reuben,WR,5,53,10.6,18,2
Jacolby Hewitt,WR,4,52,13.0,33,0
Demontrez Brown,WR,4,52,13.0,28,0
Cadarrius Thompson,WR,5,52,10.4,29,0
Devin Price,WR,4,52,13.0,25,0
Corey Rucker,WR,1,52,52.0,52,1
Jere Getzinger,TE,4,52,13.0,28,0
Trevor Wilson,WR,2,52,26.0,47,0
Aaron Steinfeldt,TE,6,52,8.7,17,1
Nate Boerkircher,TE,6,52,8.7,19,1
Kerry King,WR,6,52,8.7,12,0
Langston Lewis,WR,2,52,26.0,45,1
Colson Yankoff,RB,7,51,7.3,15,2
Jake Overman,TE,7,51,7.3,15,0
Luke Floriea,WR,4,51,12.8,39,0
Tyler Fromm,TE,3,51,17.0,35,0
Malik Sherrod,RB,7,51,7.3,32,0
Treylan Davis,TE,5,51,10.2,17,0
Lewis Bond,WR,5,51,10.2,19,0
Eli Sanders,RB,7,51,7.3,15,0
Noah Thomas,WR,5,51,10.2,22,2
Anderson Grover,WR,5,51,10.2,17,1
Mohamed Ibrahim,RB,7,50,7.1,17,0
J.J. Jones III,TE,6,50,8.3,25,0
Keaton Upshaw,TE,4,50,12.5,22,0
Cam Porter,RB,7,50,7.1,15,0
Austin Henderson,TE,5,50,10.0,25,1
Matt Byrnes,TE,4,50,12.5,31,1
Jaeger Bull,TE,6,49,8.2,12,0
Alec Burton,TE,7,49,7.0,24,0
Joshua Fleeks,WR,2,49,24.5,45,0
Jaylen Coleman,RB,6,49,8.2,26,1
Darius Lewis,WR,6,49,8.2,20,0
Dalen Cambre,WR,3,49,16.3,24,0
Jaedon Wilson,WR,3,49,16.3,30,0
Anthony Tyus III,RB,5,49,9.8,34,1
Joshua Burgett,TE,4,48,12.0,21,1
Jarek Broussard,RB,4,48,12.0,21,0
Jahmyl Jeter,RB,12,48,4.0,12,0
Isaac Jernagin,WR,6,48,8.0,14,0
Phil Mafah,RB,9,48,5.3,17,0
Devontae Houston,RB,10,48,4.8,19,0
Ellis Merriweather,RB,8,48,6.0,27,0
K.D. Hutchinson,WR,5,48,9.6,25,0
Kalani Norris,WR,2,47,23.5,30,0
Latrele Palmer,RB,6,47,7.8,13,0
Cole Finney,TE,4,47,11.8,20,0
Terrence Williams,RB,9,47,5.2,12,1
Jaylon Griffin,WR,4,47,11.8,19,0
Charlie Offerdahl,RB,2,47,23.5,36,0
Jack Colletto,FB,3,46,15.3,30,0
Trey Lowe,RB,2,46,23.0,41,0
Brian Snead,RB,9,46,5.1,14,0
Jesiah Irish,WR,3,46,15.3,23,0
Calvin Hill,RB,8,46,5.8,16,0
Justin Johnson Jr.,RB,8,46,5.8,10,1
AJ Toney,WR,8,46,5.8,16,0
A'Varius Sparrow,RB,5,46,9.2,25,0
Richard Mays Jr.,WR,1,46,46.0,46,0
Reagan Ealy,WR,7,46,6.6,15,0
Gavin Freeman,WR,3,46,15.3,41,0
Titus Lyons,TE,6,46,7.7,24,0
Jared Rus,TE,7,45,6.4,13,0
Kelley Joiner,RB,7,45,6.4,24,0
Jacquez Stuart,RB,10,45,4.5,11,0
Al-Jay Henderson,RB,6,45,7.5,13,0
Peter Montini,TE,2,45,22.5,25,0
Jamir Roberts,RB,1,45,45.0,45,0
Evan Lester Jr.,TE,6,45,7.5,25,1
Clayton Ollendieck,TE,6,45,7.5,11,0
Cade Harris,WR,2,45,22.5,41,1
Colby Bowman,WR,7,44,6.3,10,0
D'Wan Mathis,WR,6,44,7.3,19,0
Kevin Bauman,TE,3,44,14.7,22,0
Gavin Williams,RB,9,44,4.9,32,0
Antwain Littleton II,RB,6,44,7.3,18,0
Jaden Hullaby,TE,2,44,22.0,38,0
Ryan Marquez,WR,5,44,8.8,13,0
D.Q. James,RB,5,44,8.8,23,0
Isaiah Johnson,RB,8,44,5.5,13,2
Carlton Brown III,TE,4,44,11.0,37,0
Gunnar Helm,TE,5,44,8.8,19,0
Jack Jancek,WR,3,44,14.7,22,0
George Gumbs,DE,4,44,11.0,14,0
Joshua Nicholson,WR,4,44,11.0,18,1
Nate Anderson,WR,7,44,6.3,11,0
Decorion Temple,TE,1,44,44.0,44,0
Easton Messer,WR,1,44,44.0,44,1
Daetrich Harrington,RB,4,43,10.8,26,0
Tavion Thomas,RB,6,43,7.2,18,0
Camerun Peoples,RB,6,43,7.2,12,0
Logan Kendall,TE,5,43,8.6,16,1
Perris Jones,RB,6,43,7.2,11,2
Tommy Christakos,WR,4,43,10.8,17,0
Jaxon Smith-Njigba,WR,5,43,8.6,21,0
Jordan Mosley,WR,2,43,21.5,28,0
Emani Bailey,RB,7,43,6.1,16,0
Lenny Kuhl,TE,7,43,6.1,12,3
Robbie Ouzts,TE,4,43,10.8,17,0
Kahleil Jackson,WR,2,43,21.5,23,0
Maurice Bell,WR,13,42,3.2,15,0
Bryan Bradford,RB,5,42,8.4,14,1
Masen Wake,TE,10,42,4.2,10,0
Reese White,RB,8,42,5.3,15,2
Shawn Naim,WR,5,42,8.4,15,0
Ethan Hall,TE,6,42,7.0,20,1
Terrell Warner,WR,3,42,14.0,27,1
Deion Hankins,RB,4,42,10.5,16,0
Jhaylin Embry,WR,2,42,21.0,35,0
Levi Wentz,WR,1,42,42.0,42,0
Tyler Moore,TE,4,42,10.5,25,0
Umari Hatcher,WR,3,42,14.0,16,1
Chance Bell,RB,5,41,8.2,13,0
Chris Rodriguez Jr.,RB,5,41,8.2,17,0
Thad Franklin Jr.,RB,5,41,8.2,12,0
Jermaine Terry II,TE,7,41,5.9,18,0
Demarcus Jones II,RB,5,41,8.2,25,0
Patrick Smith,RB,8,41,5.1,14,0
Ramon Brown,RB,9,41,4.6,15,0
Jamie Felix,RB,6,41,6.8,17,1
Tobias Merriweather,WR,1,41,41.0,41,1
Preston Fox,WR,4,41,10.3,26,1
Tarique Milton,WR,2,40,20.0,28,0
Jaylan Franklin,TE,2,40,20.0,21,0
Spencer Witter,TE,4,40,10.0,22,0
ChaVon McEachern,RB,6,40,6.7,17,0
Omarion Hampton,RB,6,40,6.7,15,1
Matt Lauter,TE,4,40,10.0,29,0
Brandon Engel,WR,3,40,13.3,15,0
Jamal Bell,WR,2,39,19.5,30,0
Tyre Shelton,RB,8,39,4.9,8,0
Christian Turner,RB,5,39,7.8,17,1
Demariyon Houston,WR,6,39,6.5,12,1
Ky Thomas,RB,5,39,7.8,29,1
Elijah Young,RB,8,39,4.9,11,0
Caleb Anderson,WR,5,39,7.8,11,0
Nathan Carter,RB,5,39,7.8,18,0
Broc Lane,TE,6,39,6.5,16,1
Mitchell Evans,TE,3,39,13.0,18,1
Ahmani Marshall,RB,4,38,9.5,16,0
Jahleel Billingsley,TE,3,38,12.7,20,0
Deon Silas,RB,9,38,4.2,8,0
CJ Daniels,WR,3,38,12.7,25,1
Ryan King,WR,4,38,9.5,25,0
Jordan Johnson,RB,3,38,12.7,14,0
Brock Lampe,FB,2,38,19.0,31,0
Trevor Stephens,TE,2,38,19.0,20,0
Walter Dawn Jr.,WR,7,37,5.3,15,0
Khaleb Coleman,WR,3,37,12.3,22,1
Monte Pottebaum,FB,3,37,12.3,17,0
Marcel Murray,RB,7,37,5.3,12,0
Chris Mottillo,TE,3,37,12.3,20,1
Darvon Hubbard,RB,9,37,4.1,10,0
Will Derrick,WR,4,37,9.3,16,0
Cameron Wright,WR,4,37,9.3,20,0
Gunnar Greenwald,TE,4,37,9.3,16,0
Jonathon Brooks,RB,2,37,18.5,34,1
Jaylen Jones,S,3,37,12.3,20,0
Roydell Williams,RB,5,37,7.4,15,0
Cale Cabbiness,WR,2,37,18.5,25,1
Chase Curtis,TE,1,37,37.0,37,0
Jake Tafelski,RB,4,37,9.3,16,0
Brian Polendey,TE,6,36,6.0,15,0
Daiyan Henley,LB,1,36,36.0,36,0
T.J. Green,RB,5,36,7.2,13,0
Ari Broussard,RB,3,36,12.0,16,0
Jordan Young,WR,4,36,9.0,16,0
Bo Nix,QB,2,36,18.0,18,1
Erick All,TE,3,36,12.0,22,0
Terrell McDonald,TE,7,36,5.1,12,2
Camar Wheaton,RB,7,36,5.1,17,0
Anthony Williams Jr.,WR,4,36,9.0,19,0
Tavorus Jones,RB,2,36,18.0,32,0
Jordan Williams,TE,3,36,12.0,21,1
Malikhi Miller,WR,6,35,5.8,8,0
Sam Adams II,RB,5,35,7.0,15,2
Janari Dean,RB,6,35,5.8,11,0
Terry Wilkins,RB,5,35,7.0,14,0
Kobe Pace,RB,6,35,5.8,10,0
Marvin Landy,TE,2,35,17.5,24,0
Nick Presley,WR,6,35,5.8,15,0
Rico Arnold,WR,4,34,8.5,11,0
Tommy Bush,WR,3,34,11.3,15,1
Darwin Barlow,RB,3,34,11.3,20,0
Khyheem Waleed,WR,5,34,6.8,10,0
Antavious Willis,RB,8,34,4.3,9,0
Abdur-Rahmaan Yaseen,WR,4,34,8.5,13,0
Byron Cardwell,RB,4,34,8.5,13,1
Luke Deal,TE,3,34,11.3,32,0
Keegan Wilburn,WR,1,34,34.0,34,0
Colby McDonald,RB,4,34,8.5,17,0
Sam Roush,TE,2,34,17.0,23,0
Savion Red,RB,6,34,5.7,11,0
De'Nylon Morrissette,WR,4,34,8.5,16,0
Jay Fair,WR,2,34,17.0,23,0
Andrew Paige,WR,3,34,11.3,23,0
Jayson Littlejohn,TE,2,34,17.0,17,2
C.J. Williams,WR,4,34,8.5,14,0
Malik Cunningham,QB,1,33,33.0,33,0
Dylan McDuffie,RB,5,33,6.6,9,0
Ryan Lezon,RB,5,33,6.6,15,0
Carter Boatwright,TE,4,33,8.3,23,0
Chris Parker,WR,4,33,8.3,15,0
Kai Puailoa-Rojas,RB,4,33,8.3,14,0
Dylan Paine,RB,4,33,8.3,22,0
Mason Blakemore,RB,4,33,8.3,21,0
Wesley Grimes,WR,4,33,8.3,13,1
Deon Fountain,WR,1,32,32.0,32,0
Garrett Greene,QB,4,32,8.0,12,0
Chris Scott,WR,4,32,8.0,15,0
Chamon Metayer,TE,1,32,32.0,32,0
Monte Watkins,RB,5,32,6.4,22,1
Jacob Flynn,WR,5,32,6.4,10,1
Kyle Patterson,TE,3,32,10.7,11,0
Ryan Hoerstkamp,TE,2,32,16.0,32,1
Brenen Thompson,WR,1,32,32.0,32,0
Xavier Brown,RB,9,32,3.6,8,0
Nathan Kent,WR,1,32,32.0,32,0
Wyatt Fischer,WR,2,31,15.5,20,1
Devyn Ford,RB,5,31,6.2,12,0
Quincy Brown,WR,3,31,10.3,17,2
Mason Mangum,WR,1,31,31.0,31,0
Cade McDonald,WR,3,31,10.3,15,0
Zac Larrier,QB,2,31,15.5,37,0
Kyle Monangai,RB,6,31,5.2,7,0
Maximilian Mang,TE,5,31,6.2,8,0
Jaison Patterson,RB,7,31,4.4,11,0
Talyn Shettron,WR,3,31,10.3,16,1
Ty Robinson,WR,3,31,10.3,12,0
Robert Briggs Jr.,RB,7,31,4.4,16,0
Alec Wick,WR,2,31,15.5,17,0
Chandler Speights,WR,6,30,5.0,9,0
Josh Falo,TE,4,30,7.5,12,2
Adam Beale,WR,2,30,15.0,24,0
Kavosiey Smoke,RB,3,30,10.0,14,0
Joe Ervin,RB,8,30,3.8,14,0
Duke Olges,TE,3,30,10.0,15,1
Tyler Crowe,RB,2,30,15.0,26,0
Marcus Burke,WR,4,30,7.5,14,0
David Larkins,TE,3,30,10.0,17,0
Tar'Varish Dawson,WR,2,30,15.0,22,0
Bobby Wooden,S,6,30,5.0,9,0
Rylan Green,TE,4,30,7.5,12,0
Caleb Rillos,TE,2,30,15.0,15,1
Dwartney Wortham,WR,2,30,15.0,24,0
Bryant Kieft,TE,2,30,15.0,20,0
Jaylon Robinson,WR,5,29,5.8,16,0
Turon Ivy Jr.,TE,2,29,14.5,25,0
Oscar Adaway III,RB,5,29,5.8,11,1
Marcus Carroll,RB,5,29,5.8,13,0
Jordan Younge-Humphrey,RB,4,29,7.3,14,0
Caleb Robinson,RB,6,29,4.8,8,0
Shaadie Clayton-Johnson,RB,7,29,4.1,16,0
Vaughn Pemberton,RB,7,29,4.1,8,0
C.J. Hawkins,TE,2,29,14.5,20,0
Bryce Duke,RB,3,29,9.7,27,1
Miles Scott,DB,4,29,7.3,19,0
Martin Blake,RB,1,29,29.0,29,0
Robert Burns,RB,5,28,5.6,8,0
Omar Manning,WR,4,28,7.0,13,0
Daniel Parker,FB,4,28,7.0,12,0
Nolan Quinlan,TE,7,28,4.0,8,0
Jaren Hall,QB,2,28,14.0,22,1
Nolan Matthews-Harris,TE,2,28,14.0,29,0
Broc Thompson,WR,3,28,9.3,18,0
Gee Scott Jr.,TE,5,28,5.6,16,1
TreVeyon Henderson,RB,4,28,7.0,31,1
Russell Dixon,TE,3,28,9.3,19,0
Alex Maxwell,WR,2,28,14.0,20,0
La'Vell Wright,RB,6,28,4.7,13,0
Malcolm Johnson Jr.,WR,2,28,14.0,15,0
Kyre Duplessis,WR,2,28,14.0,20,0
Reggie Virgil,WR,1,28,28.0,28,0
Jostein Clarke,WR,4,28,7.0,13,0
Jamyest Williams,RB,4,27,6.8,20,0
Cooper Lutz,RB,1,27,27.0,27,0
Marquez Bell,WR,3,27,9.0,11,0
Nate Jefferson,WR,4,27,6.8,10,0
Tyler Savage,TE,2,27,13.5,24,0
Miyan Williams,RB,5,27,5.4,12,0
Taye McWilliams,RB,5,27,5.4,9,0
Hudson Henry,TE,4,27,6.8,11,0
Nigel Drummond II,WR,3,27,9.0,10,0
Gavin Thomson,WR,2,27,13.5,19,0
Miles Davis,RB,6,27,4.5,14,0
Jeremiah Franklin,TE,5,27,5.4,9,0
Kaleb Johnson,RB,4,27,6.8,14,0
Toby Payne,TE,2,27,13.5,15,1
Davis Dalton,WR,1,27,27.0,27,0
Casey Coll,TE,2,27,13.5,23,0
Zach Westmoreland,LB,2,27,13.5,21,0
Johnny Martin,RB,3,27,9.0,13,0
CJ Donaldson Jr.,RB,9,27,3.0,9,0
Christian Beal-Smith,RB,5,26,5.2,9,0
Trelon Smith,RB,2,26,13.0,16,0
Jakairi Moses,RB,5,26,5.2,26,0
A'Jon Vivens,RB,4,26,6.5,19,0
Iverson Celestine,RB,4,26,6.5,10,0
Aidan Bitter,WR,4,26,6.5,16,0
Sevion Morrison,RB,3,26,8.7,13,0
Terence Loville,WR,1,26,26.0,26,0
Jovantae Barnes,RB,5,26,5.2,13,0
Andre Greene Jr.,WR,3,26,8.7,13,1
Tai Lavatai,QB,1,26,26.0,26,1
Kibet Chepyator,TE,3,26,8.7,14,0
Darius De Los Reyes,WR,3,26,8.7,9,0
Braylin Presley,RB,5,26,5.2,9,0
Jaden Milliner,WR,2,26,13.0,18,0
Jayshon Platt,WR,3,26,8.7,14,0
Terry Moore,S,4,26,6.5,15,0
Greyson Morgan,TE,2,26,13.0,21,0
Andrew Clair,RB,6,25,4.2,9,0
Kenny Brewer III,WR,3,25,8.3,10,0
Chez Mellusi,RB,2,25,12.5,23,1
Quinton Cooley,RB,3,25,8.3,10,0
Jam Griffin,RB,4,25,6.3,19,0
Charvis Thornton,RB,5,25,5.0,15,0
Joey Braasch,RB,4,25,6.3,8,0
Brian Brewton,RB,5,25,5.0,10,0
Chase Penry,WR,2,25,12.5,14,0
Jake Clemons,TE,5,25,5.0,10,1
Shaleak Knotts,WR,5,25,5.0,18,0
Tyler Morris,WR,3,25,8.3,9,0
Earnest Crownover,RB,1,25,25.0,25,0
Hank Beatty,WR,7,25,3.6,8,0
Leon Haughton Jr.,WR,1,25,25.0,25,0
Jeremiah Noga,WR,2,25,12.5,21,0
Cole Peterlin,WR,2,25,12.5,14,0
LaMarcus Brand,WR,4,25,6.3,12,0
Josh Berry,RB,3,25,8.3,17,0
Sean Clifford,QB,2,24,12.0,25,0
Gary Williams,TE,2,24,12.0,23,0
Jaren Mangham,RB,4,24,6.0,10,0
LV Bunkley-Shelton,WR,2,24,12.0,14,0
Ben Gulbranson,QB,1,24,24.0,27,0
Damien Moore,RB,5,24,4.8,10,0
Landen King,TE,1,24,24.0,24,0
Brendon Barrow,RB,4,24,6.0,11,0
Colby Powers,TE,5,24,4.8,9,0
Anthony Hankerson,RB,5,24,4.8,15,0
Shield Taylor,TE,4,24,6.0,12,0
Isaiah Gash,RB,3,24,8.0,20,0
Greg Desrosiers Jr.,RB,8,24,3.0,8,0
Jonah Coleman,RB,8,24,3.0,14,0
Gavin Garcia,RB,1,24,24.0,24,0
Jordan Ford,RB,5,24,4.8,10,2
Jamaal Pritchett,WR,2,24,12.0,12,0
Dylan Sampson,RB,3,24,8.0,19,0
Dean Connors,RB,8,24,3.0,7,1
Clevester Hines III,CB,2,24,12.0,14,0
Alec Sinkfield,RB,4,23,5.8,16,0
Demarcus Gregory,WR,3,23,7.7,13,0
Connor Bazelak,QB,1,23,23.0,23,0
Trey Potts,RB,3,23,7.7,14,0
Jamontez Woods,RB,3,23,7.7,11,0
Keyvone Lee,RB,3,23,7.7,10,1
TJ McDaniel,RB,8,23,2.9,13,0
Will Swanson,TE,2,23,11.5,18,0
Brandon Hayes,WR,1,23,23.0,23,0
Zyell Griffin,WR,2,23,11.5,14,1
Connor Witthoft,TE,3,23,7.7,12,0
Al-Shadee Salaam,RB,9,23,2.6,10,0
Marquis Shoulders,WR,3,23,7.7,11,1
Chance Black,RB,3,23,7.7,20,0
Peter Kikwata,WR,1,23,23.0,23,0
Dre'lyn Washington,RB,4,23,5.8,10,0
Larry Stephens,WR,2,23,11.5,21,0
Steven McBride,WR,2,23,11.5,16,0
Caleb Fauria,TE,3,23,7.7,15,0
Hunter Rogers,LS,1,23,23.0,23,1
Dallan Hayden,RB,4,23,5.8,10,0
Kaydin Pope,WR,3,23,7.7,14,0
Calvin Johnson II,WR,2,23,11.5,23,0
Jake Boust,TE,5,23,4.6,7,0
Chase Sowell,WR,2,23,11.5,14,0
Tre Siggers,RB,5,22,4.4,9,0
Will Wallace,TE,4,22,5.5,15,0
Michael Bollinger,TE,3,22,7.3,14,1
Lorenzo Lingard,RB,2,22,11.0,15,0
Luke Baker,TE,2,22,11.0,17,0
Velton Gardner,RB,8,22,2.8,9,0
Kelvin Dean,RB,2,22,11.0,14,0
Duane Martin,TE,1,22,22.0,22,0
James Bomba,TE,5,22,4.4,8,0
Nick Kallerup,TE,2,22,11.0,16,1
DeAndre Hughes,WR,1,22,22.0,22,0
Dan Villari,TE,1,22,22.0,22,0
Javon Gipson,WR,2,22,11.0,13,0
Chris Lewis,WR,2,22,11.0,20,1
Darrell Harding Jr.,WR,3,21,7.0,8,0
Doug Emilien,WR,2,21,10.5,11,1
Jacob Hopper,TE,2,21,10.5,13,0
Kaevion Mack,WR,2,21,10.5,12,0
Kahlil Brantley,TE,4,21,5.3,8,1
Kaleo Ballungay,TE,3,21,7.0,10,0
Cameron Ross,WR,2,21,10.5,12,0
Jake Orlando,TE,3,21,7.0,17,0
Erik Olsen,TE,5,21,4.2,7,0
George Pettaway,RB,5,21,4.2,11,0
Kaden Saunders,WR,2,21,10.5,13,0
Luke Soto,TE,1,21,21.0,21,0
Zach Marsh Wojan,TE,1,21,21.0,21,1
Greg Garner,RB,4,21,5.3,8,0
Christian Brown,RB,2,21,10.5,12,0
John Michael Gyllenborg,TE,3,21,7.0,10,0
Griffin Waiss,TE,1,21,21.0,21,0
A.J. Turner,RB,4,21,5.3,24,1
DK Billingsley,RB,4,20,5.0,9,0
Donta Anthony Jr.,TE,4,20,5.0,9,0
Bryson Jackson,WR,2,20,10.0,12,0
Matt Bjorson,TE,1,20,20.0,20,0
Jimmy Calloway,WR,2,20,10.0,17,0
Caleb Coombs,WR,3,20,6.7,9,0
Cameron Hite,TE,2,20,10.0,17,1
Leon Franklin,RB,1,20,20.0,20,1
Zach Fryar,TE,2,20,10.0,15,0
Ben Furtney,TE,1,20,20.0,20,0
Trevor Evans,WR,2,20,10.0,14,0
Dallas Payne,TE,3,20,6.7,13,0
Dyson Frank,TE,2,20,10.0,16,0
Braxton Burmeister,QB,1,19,19.0,19,0
Randall St. Felix,WR,3,19,6.3,8,0
Mitch Rossi,TE,2,19,9.5,16,1
Jarett Garner,WR,2,19,9.5,10,0
Austin Osborne,WR,2,19,9.5,10,0
Chevan Cordeiro,QB,1,19,19.0,19,0
Tony Mathis Jr.,RB,7,19,2.7,9,0
Treshaun Ward,RB,6,19,3.2,7,0
Jaylon Barden,WR,3,19,6.3,17,0
Armoni Goodwin,RB,4,19,4.8,14,0
Jackson McDonald,TE,2,19,9.5,12,0
Malick Meiga,WR,3,19,6.3,7,0
Dean Tate,WR,3,19,6.3,8,0
Terence Fall,WR,1,19,19.0,19,0
Irone Jackson,WR,3,19,6.3,12,0
Josh McCray,RB,4,19,4.8,9,0
Cade Klubnik,QB,1,19,19.0,19,0
Drew Cassens,TE,3,19,6.3,13,1
Brandon Thomas,RB,3,19,6.3,9,0
Brandon Frazier,TE,2,19,9.5,12,0
Austin Erickson,WR,2,19,9.5,12,0
DJ Riles,QB,4,19,4.8,14,0
Alex Perry,WR,2,19,9.5,15,0
Tyler Harrell,WR,2,18,9.0,12,0
Wyatt Liewer,WR,2,18,9.0,13,0
Malcolm Epps,TE,3,18,6.0,10,2
DeCarlos Brooks,RB,8,18,2.3,7,0
Luca Diamont,WR,1,18,18.0,18,0
Munir McClain,WR,2,18,9.0,12,0
Dajon Harrison,WR,6,18,3.0,9,0
Aaron Young,RB,1,18,18.0,18,1
Christian Jourdain,WR,2,18,9.0,10,0
Dane Olson,WR,2,18,9.0,15,0
Donnie Gray,WR,1,18,18.0,18,0
Anderson Castle,RB,1,18,18.0,18,1
August Drews,TE,1,18,18.0,18,0
Kamdyn Benjamin,WR,3,18,6.0,9,0
Malik Bowen-Sims,WR,2,18,9.0,12,0
Jordan Brown,WR,3,18,6.0,10,0
Junior Vandeross III,WR,1,18,18.0,18,0
Tucker Holloway,WR,3,18,6.0,8,0
Luke Besh,WR,2,18,9.0,13,0
Miles Kitselman,TE,2,18,9.0,13,0
Dante Capolungo,WR,1,18,18.0,18,0
Tyhier Tyler,QB,2,17,8.5,11,0
Luke Bolden,TE,1,17,17.0,17,1
Casey Kelly,TE,3,17,5.7,13,1
Griffin Moore,TE,1,17,17.0,17,0
Kurtis Rourke,QB,1,17,17.0,17,0
Sage Ennis,TE,2,17,8.5,13,0
Christian Fitzpatrick,WR,2,17,8.5,11,0
Silas Starr,WR,3,17,5.7,7,0
Griffin Little,TE,2,17,8.5,13,0
Brandon Niemenski,TE,3,17,5.7,11,1
Tajay Ahmed,RB,2,17,8.5,11,0
Victor Konopka,TE,1,17,17.0,17,0
Taniela Pututau,TE,2,17,8.5,13,0
Samuel Brown V,RB,4,17,4.3,9,0
Jack Reynolds,WR,3,17,5.7,17,0
J.J. Jernighan,RB,5,17,3.4,11,1
Ben Jefferson,WR,1,17,17.0,17,0
Ty Washington,TE,1,17,17.0,17,1
Jacob Kibodi,RB,3,16,5.3,8,0
Dominic Gicinto,WR,2,16,8.0,9,0
Mike Roussos,WR,2,16,8.0,16,0
Nathan Bax,TE,3,16,5.3,11,0
John Rhys Plumlee,QB,1,16,16.0,16,0
Arik Gilbert,TE,2,16,8.0,12,1
Ze'Vian Capers,WR,1,16,16.0,16,0
Tonka Hemingway,DT,1,16,16.0,16,0
Harlan Dixon,RB,1,16,16.0,16,0
Clay Millen,QB,1,16,16.0,16,0
Jadon Jackson,WR,2,16,8.0,10,0
Kendric Blake Jr.,WR,1,16,16.0,16,0
Jake Schultz,FB,2,16,8.0,13,0
Elelyon Noa,RB,2,16,8.0,9,0
Isaiah Davis,WR,1,16,16.0,16,0
Zhighlil McMillan,WR,1,16,16.0,16,0
Marcus Harris,WR,2,16,8.0,13,0
Javonte Sherman,WR,1,16,16.0,16,0
Tariq Sims,RB,4,16,4.0,6,0
Jamal Johnson,RB,5,16,3.2,7,0
Will Taylor,WR,5,16,3.2,20,1
Reggie Love III,RB,4,16,4.0,7,0
Jasaiah Gathings,WR,1,16,16.0,16,0
Marcus Young,TE,3,16,5.3,10,0
Tyler Holzworth,RB,2,16,8.0,9,0
Reed Tyler,TE,4,15,3.8,6,1
Deshaun Fenwick,RB,4,15,3.8,11,0
Caleb Chapman,WR,1,15,15.0,15,0
Spencer Rattler,QB,1,15,15.0,15,0
Gary Bryant Jr.,WR,2,15,7.5,8,0
Matthew Hibner,TE,2,15,7.5,10,0
Taji Hudson,WR,1,15,15.0,15,0
Cole Snyder,QB,1,15,15.0,15,0
Todd Justice,TE,1,15,15.0,15,0
Jackson Hensley,WR,1,15,15.0,15,0
Bryan Robinson,WR,1,15,15.0,15,0
Mekhi Fox,WR,1,15,15.0,15,0
CJ Stokes,RB,1,15,15.0,15,0
Donovan Smith,QB,1,15,15.0,15,1
Preston Daniel,TE,3,15,5.0,7,1
Denzel Boston,WR,2,15,7.5,10,0
Landon Ibieta,WR,2,15,7.5,10,0
Amari Niblack,TE,1,15,15.0,15,1
Victor Rosa,RB,5,15,3.0,12,0
Nick Ragano,WR,3,15,5.0,6,0
Brennan Holmes,WR,1,15,15.0,15,0
Nasjzae Bryant-Lelei,RB,3,15,5.0,8,0
Jaylen Anderson,RB,1,15,15.0,15,0
Zayin West,DE,1,14,14.0,14,0
Trey Blount,WR,3,14,4.7,7,0
Drake De Iuliis,TE,3,14,4.7,7,0
John Hassell,TE,3,14,4.7,8,0
Holton Ahlers,QB,1,14,14.0,14,0
Evan Francioni,WR,1,14,14.0,14,0
Marquel Tinsley,WR,3,14,4.7,10,0
Jaden Dottin,WR,2,14,7.0,9,0
Chip Trayanum,RB,1,14,14.0,14,0
Nay'Quan Wright,RB,1,14,14.0,14,0
Terrion Avery,RB,1,14,14.0,14,0
Payton Hunter,WR,1,14,14.0,14,0
Emmanuel Henderson Jr.,WR,1,14,14.0,14,0
Nick Mosley,RB,2,14,7.0,7,0
Garret Reynolds,WR,2,14,7.0,7,0
Ethan Erickson,TE,1,14,14.0,14,1
Camden Sirmon,WR,1,14,14.0,14,0
Will Rogers,QB,1,13,13.0,13,0
Trey Sanders,RB,2,13,6.5,10,0
Tommy DeVito,QB,0,13,0.0,13,0
Dennis Robinson,WR,3,13,4.3,10,0
Sol Rascon,WR,1,13,13.0,13,0
Jovany Ruiz-Navarro,WR,2,13,6.5,8,0
Beau Coberley,WR,2,13,6.5,9,0
Aaron Jackson,TE,4,13,3.3,10,1
Matt Alaimo,TE,2,13,6.5,8,0
Dillon Gabriel,QB,1,13,13.0,13,0
Gerald Green,RB,3,13,4.3,9,0
J.J. Hester,WR,1,13,13.0,13,0
Kejon Owens,RB,4,13,3.3,9,0
Isaiah Holiness,WR,1,13,13.0,13,0
Hunter Salmon,TE,2,13,6.5,9,0
Francis Sherman,TE,1,13,13.0,13,0
Charlie Norman,RB,1,13,13.0,13,0
Trey Blair,RB,2,13,6.5,12,0
Braylon Braxton,QB,1,13,13.0,13,0
Cameron Bonner,WR,1,13,13.0,13,0
Damari Alston,RB,1,13,13.0,13,0
Tiyon Evans,RB,6,13,2.2,8,0
Iverson Hooks,WR,1,13,13.0,13,0
Denzil Alleyne,WR,2,13,6.5,8,0
TJ Harden,RB,4,13,3.3,10,0
Chase Hayden,RB,2,12,6.0,8,0
Frank Harris,QB,2,12,6.0,9,0
Nigel Fitzgerald,WR,2,12,6.0,7,0
Anthony Queeley,WR,1,12,12.0,12,0
Gunner Britton,OL,1,12,12.0,12,0
Josh Delgado,WR,1,12,12.0,12,0
Micah Hilts,TE,1,12,12.0,12,0
Cross Patton,RB,1,12,12.0,12,0
Preston Terrell,WR,2,12,6.0,6,0
Levi Gazarek,TE,3,12,4.0,5,0
Jack Mashburn,TE,2,12,6.0,10,0
Daniel Carter,RB,3,12,4.0,8,0
Jameson Geers,TE,2,12,6.0,8,0
Jonzell Norrils,RB,2,12,6.0,8,0
Eni Falayi,TE,2,12,6.0,7,0
Zion Turner,QB,2,12,6.0,7,1
Ben Buechel,TE,1,12,12.0,12,0
Michael Harrison,TE,2,12,6.0,9,0
Jaylen Sargent,WR,2,12,6.0,7,0
Jayden Gibson,WR,1,12,12.0,12,0
Brian Courtney,TE,1,12,12.0,12,0
Reis Stocksdale,WR,1,12,12.0,12,0
Ayo Adeyi,RB,2,12,6.0,9,0
Cole Speer,WR,1,12,12.0,12,0
Kroy Myers,WR,1,12,12.0,12,0
Isaiah Sategna,WR,2,12,6.0,10,0
Percy Agyei-Obese,RB,2,11,5.5,8,0
Miles Joiner,TE,1,11,11.0,11,0
Isaac Martin,TE,2,11,5.5,10,1
Adrian Martinez,QB,1,11,11.0,11,0
Jackson Marcotte,TE,3,11,3.7,7,0
Kaleb Carter,WR,2,11,5.5,6,0
Isaiah Newell,RB,1,11,11.0,11,0
Bralon Brown,WR,1,11,11.0,11,0
Payten Singletary,TE,1,11,11.0,11,0
Omari Walker,WR,2,11,5.5,6,0
Nick Miles,TE,1,11,11.0,11,0
Keagan Johnson,WR,2,11,5.5,7,0
Wesley Kommer,RB,2,11,5.5,9,0
Holden Staes,TE,1,11,11.0,11,0
Deondre Jackson,RB,2,11,5.5,10,0
Jayden de Laura,QB,1,11,11.0,11,0
Drew Hocutt,WR,1,11,11.0,11,0
Lawrence Dixon,WR,1,11,11.0,11,0
Maxwell James,WR,2,11,5.5,7,0
Cash Jones,RB,2,11,5.5,9,0
Chris Brazzell II,WR,1,11,11.0,11,0
Justice Dingle II,FB,1,10,10.0,10,0
Gabe Sulser,WR,2,10,5.0,6,0
McCall Ray,WR,1,10,10.0,10,0
DeWayne McBride,RB,2,10,5.0,6,0
Jalen Coit,WR,1,10,10.0,10,1
Hans Lillis,TE,1,10,10.0,10,0
Marcayll Jones,WR,2,10,5.0,7,0
Joe Royer,TE,2,10,5.0,9,0
James Della Pesca,TE,1,10,10.0,10,0
Taj Butts,RB,1,10,10.0,10,0
Cam Davis,RB,4,10,2.5,6,0
Keyan Burnett,TE,3,10,3.3,5,0
Armani Winfield,WR,1,10,10.0,10,0
Harper Cole,WR,1,10,10.0,10,0
Tyler Huff,TE,5,10,2.0,7,0
Rasheen Ali,RB,2,10,5.0,5,1
Cooper Shults,TE,2,10,5.0,6,0
Gavin Yates,TE,1,10,10.0,10,0
Tre'Von Bradley,WR,1,9,9.0,9,0
Chris Carter,TE,3,9,3.0,6,1
Taj Harris,WR,1,9,9.0,9,0
Cameron Rising,QB,1,9,9.0,9,0
Praise Okorie,WR,3,9,3.0,6,0
Ajou Ajou,WR,2,9,4.5,5,0
Troy Omeire,WR,1,9,9.0,9,0
Jay Rudolph,TE,1,9,9.0,9,0
Josh Lifson,TE,1,9,9.0,9,1
Lonyatta Alexander Jr.,WR,1,9,9.0,9,0
Logan Mauldin,TE,1,9,9.0,9,0
Parker Buchanan,TE,2,9,4.5,6,0
Phillippe Wesley II,WR,1,9,9.0,9,0
Jacurri Brown,QB,1,9,9.0,9,0
Brad Roberts,RB,1,9,9.0,9,0
Dazure Paggett,WR,1,9,9.0,9,0
Otto Tia,WR,1,9,9.0,9,0
Dami'on Thompson,WR,1,9,9.0,9,0
Michael Lavergne,WR,1,9,9.0,9,0
Ajay Allen,RB,1,9,9.0,9,0
Scotty Nieman,TE,1,9,9.0,9,0
Mekhi Mews,WR,2,9,4.5,6,0
Kenyon Clay,RB,2,9,4.5,6,0
Miller McCrumby,TE,1,9,9.0,9,0
Sean Brown,WR,1,9,9.0,9,0
Jordan Ferguson,DE,1,8,8.0,8,1
Pat McSweeney,TE,1,8,8.0,8,0
Kamryn Babb,WR,1,8,8.0,8,1
Keni-H Lovely,CB,1,8,8.0,8,0
Makiya Tongue,LB,1,8,8.0,8,0
Dazalin Worsham,WR,1,8,8.0,8,0
Malik Hornsby,QB,2,8,4.0,9,0
Dez Melton,TE,1,8,8.0,8,0
Dacari Collins,WR,1,8,8.0,8,0
Alex Lines,TE,1,8,8.0,8,0
Will Kakavitsas,WR,1,8,8.0,8,0
Hunter Neff,TE,1,8,8.0,8,0
Gabe Ervin Jr.,RB,1,8,8.0,8,0
Jakolbe Baldwin,WR,1,8,8.0,8,0
Jimmy Valsin III,WR,1,8,8.0,8,0
Jaylen Wright,RB,2,8,4.0,5,0
Willie Shaw III,RB,1,8,8.0,8,0
Le'Veon Moss,RB,1,8,8.0,8,0
Gavin Sawchuk,RB,1,8,8.0,8,0
Tevin White,RB,1,8,8.0,8,0
Justin Rodriguez,RB,1,8,8.0,8,0
Ja'Quinden Jackson,RB,1,8,8.0,8,0
Peyton Stevenson,S,1,8,8.0,8,0
Lucas Desjardins,WR,1,8,8.0,8,0
Chase Gillespie,RB,1,8,8.0,8,0
Sam Hicks,RB,1,8,8.0,8,0
Evan Boozer,TE,1,7,7.0,7,0
Gunnar Watson,QB,1,7,7.0,7,1
Uriah West,RB,1,7,7.0,7,0
Xavier Williams,WR,1,7,7.0,7,0
Seth Porter,WR,1,7,7.0,7,0
Kay'Ron Lynch-Adams,RB,2,7,3.5,5,0
Elijah Downing,WR,1,7,7.0,7,0
Rahmir Johnson,RB,1,7,7.0,7,0
Darius Boone Jr.,RB,1,7,7.0,7,0
Agiye Hall,WR,1,7,7.0,7,0
Hamp Greene,WR,2,7,3.5,6,0
AJ Brown,RB,3,7,2.3,7,0
Bayne Tryon,TE,1,7,7.0,7,0
Cole Caterbone,WR,1,7,7.0,7,0
Chase Jackson,WR,2,7,3.5,5,0
Darrius Clemons,WR,1,7,7.0,7,0
Antario Brown,RB,1,7,7.0,7,0
James Bryant,TE,1,7,7.0,7,0
Ethan Davies,WR,1,7,7.0,7,0
Nick Lampert,WR,1,7,7.0,7,0
Haydon Wiginton,WR,1,7,7.0,7,0
Percy Courtney Jr.,LB,1,7,7.0,7,0
Tawee Walker,RB,1,7,7.0,7,0
CJ Nelson,WR,2,7,3.5,4,0
Ezechiel Tieide,WR,2,6,3.0,6,0
Dennis Smith,WR,1,6,6.0,6,0
Aaron Jarman,TE,1,6,6.0,6,0
Damarius Good,RB,1,6,6.0,6,0
DJ Uiagalelei,QB,1,6,6.0,6,0
Collin Sullivan,WR,1,6,6.0,6,0
Nathaniel Jones,RB,4,6,1.5,4,0
Nasir Montgomery,WR,1,6,6.0,6,0
Keyon Mozee,RB,2,6,3.0,4,0
Grey Ihu,WR,1,6,6.0,6,0
Christian Leary,WR,1,6,6.0,6,0
Khi'Yon Wafer,WR,1,6,6.0,6,0
Max Patterson,WR,2,6,3.0,3,0
Dante Reynolds,WR,2,6,3.0,6,0
Drew Biber,TE,1,6,6.0,6,0
Xavier Coleman,RB,3,6,2.0,5,0
Isaiah Horton,WR,1,6,6.0,6,0
Jordan James,RB,1,6,6.0,6,0
Stacey Marshall Jr.,TE,1,6,6.0,6,0
Matt Greenwald,WR,1,6,6.0,6,0
Jaren Randle,WR,1,6,6.0,6,0
Rhett Guidry,TE,1,6,6.0,6,0
Kelly Mitchell,TE,1,6,6.0,6,0
Jaylon Glover,RB,1,6,6.0,6,0
Caleb Merritt,WR,1,6,6.0,6,0
Tyler King,WR,1,6,6.0,6,0
Addison Ostrenga,TE,1,6,6.0,6,0
Bo Estes,TE,1,6,6.0,6,0
CJ Hayes,WR,1,5,5.0,5,0
Jayden Daniels,QB,1,5,5.0,5,1
Luke Wentz,WR,1,5,5.0,5,0
Thaiu Jones-Bell,WR,1,5,5.0,5,0
Andy Alfieri,FB,1,5,5.0,5,0
Trey Boll,TE,1,5,5.0,5,1
Tavierre Dunlap,RB,1,5,5.0,5,0
Aaron Greene,TE,1,5,5.0,5,0
Phat Watts,WR,1,5,5.0,5,0
Kaleb Brown,WR,1,5,5.0,5,0
Chad Johnson Jr.,WR,1,5,5.0,5,0
Josh Meredith,WR,1,5,5.0,5,0
Zach Schmit,PK,2,5,2.5,3,1
Nate Johnson,QB,1,5,5.0,5,0
Brock Spalding,WR,1,5,5.0,5,0
Jah'Mar Sanders,WR,2,5,2.5,3,0
Bobby Golden,WR,1,5,5.0,5,0
Micah Barnett,FB,2,5,2.5,6,0
D.J. Mack Jr.,QB,1,4,4.0,4,0
Jordan Pouncey,WR,2,4,2.0,6,0
Grant Frerking,WR,1,4,4.0,4,0
Jakari Norwood,RB,2,4,2.0,4,0
Carlos Sandy,WR,2,4,2.0,3,0
Dillon Doyle,LB,2,4,2.0,3,1
Ulysses Bentley IV,RB,1,4,4.0,4,0
Justin Olson,WR,1,4,4.0,4,0
Sevaughn Clark,RB,1,4,4.0,4,0
Christian Moore,TE,1,4,4.0,4,0
Kamarro Edmonds,RB,1,4,4.0,4,0
Tye Herbstreit,WR,1,4,4.0,4,0
Bula Schmidt,OL,1,4,4.0,4,0
Drake Owen,WR,1,4,4.0,4,0
Kaden Dudley,RB,1,4,4.0,4,0
Myles Montgomery,RB,1,4,4.0,4,0
Zamar Wise,WR,1,4,4.0,4,0
Josh Conerly Jr.,OL,1,4,4.0,4,1
Billy Dozier,WR,3,4,1.3,3,0
Carter Campbell,WR,1,4,4.0,4,0
Amorion Walker,DB,1,4,4.0,4,0
Camron Cooper,TE,1,4,4.0,4,0
Jordan Nabors,WR,1,4,4.0,4,0
Zavion Thomas,WR,2,4,2.0,5,0
Kyler Kasper,WR,1,4,4.0,4,0
Kaden Helms,TE,1,4,4.0,4,0
Austin Smith,TE,1,4,4.0,4,1
John Lee Eldridge III,RB,1,4,4.0,4,0
Jay Barry Jr.,WR,1,4,4.0,4,0
Taharin Sudderth,WR,1,4,4.0,4,0
Connor Welsh,TE,1,4,4.0,4,0
Peyton O'Leary,WR,1,4,4.0,4,0
Aubry Payne,TE,1,3,3.0,3,0
Kyle Vantrease,QB,1,3,3.0,3,0
Luke Price,TE,1,3,3.0,3,1
Keenan Orr,TE,1,3,3.0,3,0
Jake Neatherton,RB,1,3,3.0,3,0
Ryan Jacoby,OL,1,3,3.0,3,0
Kyi Wright,TE,1,3,3.0,3,0
Teddy Knox,WR,4,3,0.8,8,0
Corey Wren,RB,3,3,1.0,2,0
Nick Rempert,WR,1,3,3.0,3,0
John Jackson III,WR,1,3,3.0,3,0
Julius Davis,RB,1,3,3.0,3,0
Chandler Rogers,QB,1,3,3.0,3,1
Christian Dremel,WR,1,3,3.0,3,0
Onuma Dieke,WR,1,3,3.0,3,0
Fred Seabrough Jr.,TE,1,3,3.0,3,0
MJ Morris,QB,0,3,0.0,3,0
JT Seagreaves,TE,1,3,3.0,3,0
CJ Campbell Jr.,RB,1,3,3.0,3,0
Kendrick Rucker,TE,1,3,3.0,3,0
Keegan Holles,RB,2,3,1.5,3,0
Kade Zimmerman,WR,1,3,3.0,3,0
Bennett Galloway,RB,1,3,3.0,3,0
Kurt Rafdal,TE,1,2,2.0,2,0
Jordan Travis,QB,1,2,2.0,2,1
Spencer Sanders,QB,1,2,2.0,2,0
Quinton Stewart,TE,1,2,2.0,2,1
Corey Kiner,RB,2,2,1.0,1,0
DJ Lundy,LB,1,2,2.0,2,1
Kyrese Rowan,WR,1,2,2.0,2,0
De'Javion Stepney,DB,1,2,2.0,2,0
Bill Jackson,RB,1,2,2.0,2,0
Tank Smith,RB,1,2,2.0,2,0
Greg Gaines III,WR,1,2,2.0,2,0
Jake Johnson,TE,1,2,2.0,2,0
Jayle Stacks,RB,1,2,2.0,2,0
Kyion Grayes,WR,1,2,2.0,2,0
Tyson Riley,RB,1,2,2.0,2,0
Branson Robinson,RB,1,2,2.0,2,0
Jaron Glover,WR,1,2,2.0,2,0
Qua Davis,WR,1,2,2.0,2,0
Javen Nicholas,WR,1,2,2.0,2,0
L.T. Sanders,RB,1,2,2.0,2,0
Sheldon Canley II,RB,1,2,2.0,2,0
Frank Fillip,OL,1,1,1.0,1,1
Brady Schipper,RB,1,1,1.0,1,0
Scott Matlock,DT,1,1,1.0,1,1
Malik Caper,RB,2,1,0.5,5,0
Max Duggan,QB,1,1,1.0,1,0
Shea Whiting,WR,3,1,0.3,2,0
Jeff Sims,QB,1,1,1.0,1,0
JJ Pegues,DT,1,1,1.0,1,1
Kilohana Haasenritter,RB,1,1,1.0,1,0
Chad Alexander,RB,1,1,1.0,1,0
Caleb Driskill,FB,1,1,1.0,1,0
O'Mega Blake,WR,1,1,1.0,1,0
Blake Smith,TE,2,1,0.5,2,0
Rayshon Luke,RB,1,1,1.0,1,0
Marquez Dortch,WR,1,1,1.0,1,0
Qualon Farrar,RB,1,1,1.0,1,0
Amari Daniels,RB,2,1,0.5,4,0
Jaziun Patterson,RB,1,1,1.0,1,0
Victor Snow,WR,1,1,1.0,1,0
Cameron Zeidler,TE,1,1,1.0,1,0
Chase Cunningham,QB,1,-1,-1.0,0,0
David Bailey,RB,3,-1,-0.3,8,0
Jack Conley,OL,1,-1,-1.0,-1,0
Jam Miller,RB,1,-1,-1.0,0,0
Austin Groeschel,TE,2,-1,-0.5,1,0
Cam'ron Barfield,RB,3,-1,-0.3,3,0
Tim Gans,RB,1,-1,-1.0,0,0
Antonio Patterson,RB,1,-1,-1.0,0,0
Matt McDonald,QB,1,-2,-2.0,0,0
James Blackman,QB,0,-2,0.0,0,0
Dominic Mammarelli,TE,1,-2,-2.0,-2,0
Caleb Williams,QB,0,-2,0.0,0,0
Trey Urwiler,WR,1,-2,-2.0,-2,0
Zahir Abdus-Salaam,RB,1,-2,-2.0,0,0
Rashad Rochelle,WR,1,-2,-2.0,0,0
Kelan Walker,RB,2,-3,-1.5,0,0
Spencer Petras,QB,0,-3,0.0,0,0
Christian Wortham,WR,1,-3,-3.0,0,0
Jerry Johnson III,RB,1,-3,-3.0,0,0
Kristen Hoskins,WR,1,-3,-3.0,-3,0
T.Y. Harding,WR,1,-3,-3.0,0,0
Harold Joiner III,LB,1,-4,-4.0,0,0
Nick DeJong,OL,1,-4,-4.0,-4,0
Kai Horton,QB,1,-4,-4.0,0,0
Tyler Toledo,RB,1,-4,-4.0,0,0
Jack Chambers,QB,1,-5,-5.0,0,0
Zack Martin,RB,1,-5,-5.0,0,0
Ricky Stromberg,C,0,-5,0.0,-5,0
Demond Claiborne,RB,1,-5,-5.0,0,0
Mike Sharpe II,RB,1,-5,-5.0,0,0
Robert Armes,RB,1,-5,-5.0,0,0
Marcus Minor,G,1,-10,-10.0,-10,0
Mike Wright,QB,1,-11,-11.0,0,0
Justin Holaday,QB,1,-11,-11.0,0,0
Cameron Ward,QB,1,-13,-13.0,0,0
Collin Schlee,QB,1,-16,-16.0,0,0
Josh Farr,WR,1,-16,-16.0,-16,0