Brad Roberts,RB,345,1728,5.0,71,17
DeWayne McBride,RB,233,1713,7.4,68,19
Mohamed Ibrahim,RB,320,1665,5.2,54,20
Chase Brown,RB,328,1643,5.0,49,10
Tyjae Spears,RB,229,1581,6.9,75,19
Bijan Robinson,RB,258,1580,6.1,78,18
Quinshon Judkins,RB,274,1567,5.7,61,16
Deuce Vaughn,RB,293,1558,5.3,88,9
Carson Steele,RB,289,1556,5.4,48,14
Khalan Laborn,RB,302,1513,5.0,83,16
Blake Corum,RB,247,1463,5.9,61,18
Keaton Mitchell,RB,201,1452,7.2,81,14
Raheim Sanders,RB,222,1443,6.5,76,10
Israel Abanikanda,RB,239,1431,6.0,80,20
Kendre Miller,RB,224,1399,6.2,75,17
Frank Gore Jr.,RB,228,1382,6.1,64,9
Jordan Mims,RB,261,1370,5.2,82,18
Eric Gray,RB,213,1366,6.4,54,11
Zach Charbonnet,RB,195,1359,7.0,49,14
Marquez Cooper,RB,285,1331,4.7,46,13
Braelon Allen,RB,230,1242,5.4,96,11
Xazavian Valladay,RB,215,1192,5.5,44,16
Brian Battie,RB,176,1186,6.7,68,8
Will Shipley,RB,210,1182,5.6,53,15
Samson Evans,RB,249,1166,4.7,42,15
George Holani,RB,221,1157,5.2,59,10
Kimani Vidal,RB,231,1132,4.9,40,10
Calvin Tyler Jr.,RB,253,1122,4.4,31,7
De'Von Achane,RB,196,1102,5.6,65,8
Devin Neal,RB,180,1090,6.1,80,9
Sieh Bangura,RB,222,1078,4.9,64,13
La'Damian Webb,RB,209,1062,5.1,69,13
Nicholas Singleton,RB,156,1061,6.8,87,12
Sean Tucker,RB,206,1060,5.1,60,11
Bucky Irving,RB,156,1058,6.8,66,5
Ray Davis,RB,232,1042,4.5,45,5
Titus Swen,RB,207,1039,5.0,83,8
Sean Tyler,RB,209,1027,4.9,63,7
Aidan Robbins,RB,209,1011,4.8,66,9
Larry McCammon,RB,194,1004,5.2,58,7
Donovan Edwards,RB,140,991,7.1,85,7
Trey Benson,RB,154,990,6.4,45,9
Roman Hemby,RB,188,989,5.3,75,10
Damien Martinez,RB,161,982,6.1,50,7
Richard Reese,RB,198,972,4.9,52,14
Tank Bigsby,RB,179,970,5.4,50,10
Devin Mockobee,RB,195,968,5.0,68,9
Jermaine Brown Jr.,RB,166,948,5.7,54,8
Zach Evans,RB,6,29,4.8,12,1
Jahmyr Gibbs,RB,151,926,6.1,76,7
Blake Watson,RB,159,921,5.8,67,5
Audric Estime,RB,156,920,5.9,46,11
Marquis Crosby,RB,183,918,5.0,68,9
Anthony Grant,RB,218,915,4.2,46,6
Jalen White,RB,162,914,5.6,71,10
Evan Hull,RB,221,913,4.1,29,5
Toa Taua,RB,217,911,4.2,40,11
Percy Agyei-Obese,RB,159,908,5.7,36,8
Chris Rodriguez Jr.,RB,175,904,5.2,72,6
Harrison Waylee,RB,165,899,5.4,76,5
Jaydn Ott,RB,170,897,5.3,73,8
Wayne Taulapapa,RB,140,887,6.3,57,11
Jayden Daniels,QB,186,885,4.8,37,11
Travis Dye,RB,145,884,6.1,36,9
Jaylen Wright,RB,146,875,6.0,83,10
Kaytron Allen,RB,167,867,5.2,59,10
John Rhys Plumlee,QB,159,862,5.4,67,11
Kevorian Barnes,RB,136,851,6.3,53,6
Dae Dae Hunter,RB,129,850,6.6,80,8
Chuck McClelland,RB,146,849,5.8,76,7
Montrell Johnson Jr.,RB,155,841,5.4,62,10
Avery Morrow,RB,173,834,4.8,67,4
Dedrick Parson,RB,187,830,4.4,37,11
Kenny McIntosh,RB,150,829,5.5,52,10
Miyan Williams,RB,128,825,6.4,70,14
Ashton Jeanty,RB,156,821,5.3,34,7
Logan Diggs,RB,165,820,5.0,51,4
Chris Brooks,RB,130,817,6.3,52,6
Jawhar Jordan,RB,142,815,5.7,49,4
Ayo Adeyi,RB,112,807,7.2,92,4
Isaiah Bowser,RB,205,799,3.9,30,16
RJ Harvey,RB,118,796,6.7,61,5
Noah Whittington,RB,139,779,5.6,55,5
Kaleb Johnson,RB,151,779,5.2,75,6
Frank Peasant,RB,182,774,4.3,85,9
Lincoln Pare,RB,172,772,4.5,64,5
Michael Wiley,RB,113,771,6.8,72,8
Jacquez Stuart,RB,134,770,5.7,48,4
Nakia Watson,RB,144,769,5.3,65,9
Daijun Edwards,RB,140,769,5.5,28,7
Daba Fofana,FB,186,769,4.1,50,6
John Lee Eldridge III,RB,99,766,7.7,60,4
Ikaika Ragsdale,RB,142,755,5.3,56,7
Kairee Robinson,RB,157,752,4.8,38,10
Cody Schrader,RB,170,745,4.4,63,9
Ronald Awatt,RB,163,734,4.5,37,2
Darren Grainger,QB,164,734,4.5,60,6
Jabari Small,RB,157,734,4.7,52,13
Deneric Prince,RB,126,729,5.8,84,5
Trevor Etienne,RB,118,719,6.1,85,6
CJ Beasley,RB,141,717,5.1,56,5
Robby Ashford,QB,153,710,4.6,49,7
Justice Ellison,RB,170,707,4.2,45,6
Tucker Gregg,RB,172,705,4.1,56,12
Austin Jones,RB,135,705,5.2,44,5
Deion Hankins,RB,140,701,5.0,72,3
Brenden Brady,RB,156,699,4.5,42,9
Riley Leonard,QB,124,699,5.6,74,13
Drake Maye,QB,184,698,3.8,42,7
Haaziq Daniels,QB,138,695,5.0,65,8
Tahj Brooks,RB,147,691,4.7,37,7
Antario Brown,RB,110,689,6.3,86,7
Tavion Thomas,RB,142,687,4.8,36,7
SaRodorick Thompson Jr.,RB,139,684,4.9,36,7
Jalen Berger,RB,148,683,4.6,50,6
Emari Demercado,RB,121,681,5.6,69,6
DK Billingsley,RB,142,670,4.7,44,8
Jarquez Hunter,RB,104,668,6.4,48,7
Tyhier Tyler,QB,143,663,4.6,36,12
Jase McClellan,RB,112,655,5.8,81,7
Anthony Richardson,QB,103,654,6.3,81,9
Dorian Thompson-Robinson,QB,117,646,5.5,68,12
Tyler Lavine,RB,142,642,4.5,28,10
KJ Jefferson,QB,158,640,4.1,32,9
Edward Saydee,RB,149,639,4.3,75,6
Victor Rosa,RB,140,636,4.5,61,11
Tylan Hines,RB,83,634,7.6,69,2
Dequan Finn,QB,130,631,4.9,38,9
Treshaun Ward,RB,95,628,6.6,46,7
Adrian Martinez,QB,111,627,5.6,69,10
Chris Smith,RB,126,627,5.0,55,3
Mike Washington,RB,150,625,4.2,92,7
Marcus Carroll,RB,127,622,4.9,44,6
Shadrick Byrd,RB,149,620,4.2,18,4
Henry Parrish Jr.,RB,131,617,4.7,24,4
Lew Nichols,RB,176,616,3.5,31,6
Jaxson Dart,QB,128,614,4.8,36,1
Nate Noel,RB,87,604,6.9,52,6
Frank Harris,QB,128,600,4.7,63,9
Ron Cook Jr.,RB,139,600,4.3,49,4
Camerun Peoples,RB,101,593,5.9,73,5
Shaun Shivers,RB,143,592,4.1,79,6
Kendall Milton,RB,85,592,7.0,51,8
Taylen Green,QB,81,586,7.2,91,10
Brady Cook,QB,139,585,4.2,40,6
Oscar Adaway III,RB,118,583,4.9,35,5
Jaison Patterson,RB,135,583,4.3,36,1
Jo'Quavious Marks,RB,113,582,5.2,37,9
Devontae Houston,RB,84,578,6.9,75,3
Ellis Merriweather,RB,150,575,3.8,36,3
MarShawn Lloyd,RB,111,573,5.2,45,9
TreVeyon Henderson,RB,107,571,5.3,41,6
Jordan Waters,RB,123,566,4.6,42,8
Malik Cunningham,QB,114,565,5.0,43,12
Tony Mathis Jr.,RB,135,562,4.2,37,5
Cameron Montgomery,RB,93,561,6.0,57,0
Elijah Green,RB,131,558,4.3,80,8
Craig Williams,RB,101,557,5.5,51,4
Roschon Johnson,RB,93,554,6.0,52,5
Deshaun Fenwick,RB,114,553,4.9,29,7
Aveon Smith,QB,123,553,4.5,73,6
Dallan Hayden,RB,111,553,5.0,45,5
Clayton Tune,QB,128,546,4.3,55,5
DJ Uiagalelei,QB,142,545,3.8,40,7
Reese White,RB,99,544,5.5,67,5
Jevyon Ducker,RB,110,544,4.9,50,7
Nathaniel Jones,RB,118,544,4.6,51,2
Jordan Houston,RB,136,544,4.0,16,0
Dominic Richardson,RB,149,543,3.6,19,8
Lexington Joseph,RB,108,536,5.0,47,5
Zuberi Mobley,RB,101,534,5.3,45,3
Micah Bernard,RB,106,533,5.0,36,4
Josh Williams,RB,97,532,5.5,50,6
Ja'Quinden Jackson,RB,78,531,6.8,66,9
Shedro Louis,RB,122,529,4.3,40,8
CJ Donaldson Jr.,RB,87,526,6.0,82,8
Davion Ervin-Poindexter,RB,116,525,4.5,37,3
Tiyon Evans,RB,83,525,6.3,71,6
Star Thomas,RB,108,525,4.9,57,5
Cameron Davis,RB,107,522,4.9,42,13
Hassan Hall,RB,116,521,4.5,63,1
Jovantae Barnes,RB,116,519,4.5,31,5
DJ Giddens,RB,89,518,5.8,49,6
Mike Wright,QB,71,517,7.3,87,5
Christian Turner,RB,128,516,4.0,35,7
Phil Mafah,RB,98,515,5.3,39,4
Bo Nix,QB,89,510,5.7,80,14
Jaquez Moore,RB,79,508,6.4,59,5
Diego Pavia,QB,93,508,5.5,48,6
Malik Jackson,RB,141,507,3.6,27,6
Stacy Sneed,RB,76,501,6.6,52,5
Kye Robichaux,RB,73,496,6.8,59,3
Bert Emanuel Jr.,QB,67,496,7.4,87,7
Collin Schlee,QB,98,492,5.0,33,4
Jam Griffin,RB,86,488,5.7,23,4
Dillon Johnson,RB,89,488,5.5,40,3
Cam Wiley,RB,106,486,4.6,55,5
Gerald Green,RB,89,483,5.4,67,6
Jaylen Coleman,RB,102,480,4.7,37,4
Casey Filkins,RB,122,478,3.9,23,4
Michael Pratt,QB,129,478,3.7,40,10
Trey Potts,RB,101,474,4.7,40,3
Chez Mellusi,RB,112,473,4.2,51,2
Maquel Haywood,RB,73,473,6.5,44,0
Keyon Mozee,RB,109,471,4.3,66,2
Cam Fancher,QB,107,466,4.4,41,1
Cameron Rising,QB,77,465,6.0,29,6
Charvis Thornton,RB,80,464,5.8,63,3
Qualan Jones,RB,92,462,5.0,27,7
Rodney Hammond Jr.,RB,109,459,4.2,29,5
Lawrance Toafili,RB,93,457,4.9,33,5
Garrett Shrader,QB,149,453,3.0,25,9
Jamyest Williams,RB,85,447,5.3,42,2
Jirehl Brock,RB,99,445,4.5,61,3
Kyle Monangai,RB,109,445,4.1,31,2
Chris Tyree,RB,100,444,4.4,26,3
Keshawn King,RB,74,443,6.0,65,3
Peny Boone,RB,116,443,3.8,16,3
Tyson Riley,RB,95,441,4.6,70,2
Nathaniel Peat,RB,100,438,4.4,34,2
Asa Martin,RB,85,435,5.1,45,7
Brandon Campbell,RB,90,435,4.8,40,4
Hendon Hooker,QB,104,430,4.1,44,5
Justin Johnson Jr.,RB,98,430,4.4,24,3
Malik Sherrod,RB,80,428,5.3,32,2
Max Duggan,QB,137,423,3.1,67,9
Jaylan Knighton,RB,78,423,5.4,56,1
Dontae Smith,RB,87,420,4.8,51,5
Johnnie Lang,RB,119,419,3.5,49,3
Jalon Daniels,QB,77,419,5.4,37,7
Jordan Travis,QB,82,417,5.1,71,7
Leshon Williams,RB,117,413,3.5,21,2
AJ Green,RB,87,412,4.7,35,3
Noah Cain,RB,76,409,5.4,49,10
Nathan Carter,RB,65,405,6.2,52,1
Juma Otoviano,RB,71,403,5.7,33,1
Pat Garwo III,RB,132,403,3.1,30,3
Omarion Hampton,RB,88,401,4.6,58,6
Micah Kelly,RB,120,398,3.3,24,1
Latrele Palmer,RB,101,398,3.9,34,5
Josh Henderson,RB,90,398,4.4,23,4
Jaylon Jackson,RB,90,398,4.4,31,2
Dylan Sampson,RB,58,397,6.8,80,6
Jaylen Jenkins,RB,68,396,5.8,41,1
Todd Centeio,QB,94,393,4.2,30,7
Deion Smith,RB,83,393,4.7,25,2
Spencer Sanders,QB,107,391,3.7,29,8
Gino Campiotti,TE,102,390,3.8,24,3
Jordan Byrd,RB,102,390,3.8,53,3
Anton Hall Jr.,RB,89,390,4.4,77,3
Daetrich Harrington,RB,81,389,4.8,31,4
Ahmani Marshall,RB,76,389,5.1,37,4
Gerry Bohanon,QB,60,386,6.4,59,3
Isaac Guerendo,RB,64,385,6.0,89,5
Jamoni Jones,RB,111,383,3.5,49,6
Caleb Williams,QB,113,382,3.4,59,10
Antwain Littleton II,RB,76,379,5.0,68,6
DJ Williams,RB,60,376,6.3,52,3
Xavier Arline,QB,96,376,3.9,32,3
John Emery Jr.,RB,76,375,4.9,32,6
Robert Burns,RB,74,374,5.1,58,2
Samuel Brown V,RB,86,374,4.3,20,3
Terrence Williams,RB,104,373,3.6,16,1
Courtney Reese,RB,52,372,7.2,74,0
Jonah Coleman,RB,75,372,5.0,43,4
Brennan Armstrong,QB,123,371,3.0,64,6
Johnny Richardson,RB,54,370,6.9,50,0
Velton Gardner,RB,70,368,5.3,49,1
Perris Jones,RB,81,365,4.5,28,2
Corey Kiner,RB,81,362,4.5,52,5
Jaylon Glover,RB,78,360,4.6,29,4
Ta'Zhawn Henry,RB,88,359,4.1,44,3
Dawaiian McNeely,RB,63,356,5.7,61,1
Chandler Rogers,QB,145,353,2.4,34,5
Robert Briggs Jr.,RB,74,353,4.8,24,1
Steven Anderson,RB,84,352,4.2,23,6
Dylan Downing,RB,93,351,3.8,30,4
Dre'lyn Washington,RB,64,350,5.5,54,2
Jaren Hall,QB,86,346,4.0,48,3
D.Q. James,RB,40,346,8.6,74,0
Marlon Gunn Jr.,RB,67,344,5.1,43,0
Andrew Peasley,QB,81,339,4.2,61,2
Jakobi Buchanan,RB,82,337,4.1,55,6
Calvin Hill,RB,76,333,4.4,27,1
Shaadie Clayton-Johnson,RB,57,333,5.8,33,2
Kaelon Black,RB,69,333,4.8,27,3
Lopini Katoa,RB,75,332,4.4,24,2
Keegan Jones,WR,73,332,4.5,25,2
Reggie Love III,RB,71,330,4.6,33,2
Branson Robinson,RB,68,330,4.9,30,3
Jemel Jones,QB,72,326,4.5,75,7
Braylon McReynolds,RB,59,326,5.5,64,0
TJ Harden,RB,44,325,7.4,34,2
Marion Lukes,RB,51,323,6.3,39,3
Camar Wheaton,RB,62,322,5.2,26,2
Andrew Henry,RB,75,322,4.3,75,4
Jalen Holston,RB,90,321,3.6,15,5
Tyre Shelton,RB,85,321,3.8,26,3
Tyrell Robinson,RB,38,321,8.4,70,1
Elijah Collins,RB,70,318,4.5,31,6
Alex Fontenot,RB,65,315,4.8,37,2
Dillon Gabriel,QB,89,315,3.5,61,6
DJ Irons,QB,133,314,2.4,53,4
Maurice Turner,RB,65,314,4.8,48,0
Jaylon Armstead,RB,52,313,6.0,61,2
Jase Bauer,QB,53,312,5.9,60,4
Cartevious Norton,RB,87,312,3.6,20,2
Christian Washington,RB,73,310,4.2,30,0
Clyde Price III,RB,99,309,3.1,19,7
Tai Lavatai,QB,115,309,2.7,19,5
Ollie Gordon II,RB,62,308,5.0,53,2
Iverson Celestine,RB,77,306,4.0,29,0
J.J. McCarthy,QB,70,306,4.4,39,5
Demie Sumo-Karngbaye,RB,55,305,5.5,24,3
Cooper Legas,QB,108,303,2.8,32,2
Bryan Bradford,RB,64,302,4.7,58,2
Jeff Sims,QB,87,302,3.5,42,1
Al-Jay Henderson,RB,59,301,5.1,84,3
Brian Snead,RB,81,299,3.7,29,6
Jarek Broussard,RB,63,298,4.7,17,3
Kay'Ron Adams,RB,84,297,3.5,66,1
Rashod Dubinion,RB,71,293,4.1,26,5
L.T. Sanders,RB,44,292,6.6,35,1
Seth Henigan,QB,146,289,2.0,30,4
Nolan McCormick,RB,83,289,3.5,20,1
EJ Wilson Jr.,RB,79,288,3.6,16,2
Jaiden Credle,RB,72,288,4.0,55,1
Jordan Ford,RB,56,288,5.1,48,0
Cam Porter,RB,87,286,3.3,27,2
Kevin Davis,RB,54,285,5.3,41,2
Kaidon Salter,QB,69,284,4.1,43,2
Justin Lynch,RB,64,280,4.4,52,3
JuTahn McClain,RB,59,278,4.7,28,0
Trey Cooley,RB,59,278,4.7,26,2
Kavosiey Smoke,RB,58,277,4.8,27,1
Reynaldo Flores,RB,38,276,7.3,43,5
Garrett Greene,QB,45,276,6.1,39,5
Jaylen Anderson,RB,35,275,7.9,57,2
Vincent Davis Jr.,RB,52,274,5.3,21,1
Anthony Hankerson,RB,68,274,4.0,23,3
LeQuint Allen,RB,41,274,6.7,90,1
CJ Stokes,RB,55,273,5.0,21,1
Rasheen Ali,RB,47,273,5.8,38,1
Nate Cox,QB,72,272,3.8,21,3
Daniyel Ngata,RB,54,272,5.0,29,1
Deon Silas,RB,60,271,4.5,38,3
Jaylin Lucas,RB,49,271,5.5,71,2
Ryan Montgomery,RB,63,270,4.3,39,5
Brandon Thomas,RB,76,270,3.6,18,9
Tyler Shough,QB,72,269,3.7,36,4
Michael Allen,RB,53,268,5.1,36,0
Armoni Goodwin,RB,45,267,5.9,47,5
Chevan Cordeiro,QB,138,265,1.9,36,9
Darius Bracy,RB,65,264,4.1,53,4
Jalen Milroe,QB,31,263,8.5,77,1
Zion Turner,QB,90,262,2.9,23,1
Kenan Christon,RB,71,261,3.7,49,1
Jaheim Bell,TE,73,261,3.6,18,3
Doug Brumfield,QB,90,261,2.9,29,6
N'Kosi Perry,QB,91,259,2.8,21,6
Daniel Hishaw Jr.,RB,44,259,5.9,30,5
OJ Arnold,RB,45,257,5.7,29,1
ChaVon McEachern,RB,56,256,4.6,20,1
Ay'Jaun Marshall,WR,24,256,10.7,28,1
Ethan Payne,RB,48,256,5.3,45,2
Austin Smith,QB,61,255,4.2,29,2
Emmanuel Michel,FB,52,252,4.8,26,2
Ari Broussard,RB,91,251,2.8,19,9
DeCarlos Brooks,RB,59,250,4.2,24,1
Emani Bailey,RB,31,250,8.1,37,2
Caleb Hood,RB,43,250,5.8,71,0
Roydell Williams,RB,56,250,4.5,16,4
Jamal Johnson,RB,55,250,4.5,24,0
Bryce Williams,RB,51,249,4.9,22,3
Kurtis Rourke,QB,74,249,3.4,61,4
Ahmonte Watkins,CB,39,248,6.4,78,4
Marco Lee,RB,67,247,3.7,32,4
Quinton Cooley,RB,51,246,4.8,24,3
Isaiah Johnson,RB,54,246,4.6,28,3
Nasjzae Bryant-Lelei,RB,56,245,4.4,43,3
Omni Wells,RB,57,242,4.2,44,0
Rahjai Harris,RB,67,238,3.6,41,5
Vincent Terrell Jr.,WR,72,238,3.3,18,2
La'Darius Jefferson,RB,56,235,4.2,17,5
Devonte Lee,RB,67,233,3.5,32,5
T.J. Green,RB,44,232,5.3,31,2
Jalen Mayden,QB,69,231,3.3,32,3
Tre Siggers,RB,60,229,3.8,13,4
Marcus Major,RB,56,227,4.1,27,4
Raleek Brown,WR,42,227,5.4,39,3
Braheam Murphy,RB,26,226,8.7,75,2
Miles Davis,RB,40,225,5.6,70,0
Alex Broome,RB,50,225,4.5,40,1
Austin Reed,QB,91,224,2.5,20,8
Grayson James,QB,79,223,2.8,28,3
Jacurri Brown,QB,54,223,4.1,40,0
Jam Miller,RB,33,223,6.8,40,2
Jason Bean,QB,38,222,5.8,73,4
Ryan O'Keefe,WR,23,222,9.7,33,0
C'Bo Flemister,RB,40,221,5.5,26,2
Juju McDowell,RB,62,219,3.5,27,2
Mike Hollins,RB,53,215,4.1,19,2
Richard Newton,RB,45,213,4.7,21,1
Grant Wells,QB,111,212,1.9,20,6
Gavin Garcia,RB,35,211,6.0,32,1
Markel Johnson,RB,33,211,6.4,32,2
Al-Shadee Salaam,RB,57,210,3.7,25,2
Greg Desrosiers Jr.,RB,44,210,4.8,53,2
Xavier Brown,RB,50,210,4.2,38,1
Puka Nacua,WR,25,209,8.4,75,5
Thaddius Franklin Jr.,RB,50,209,4.2,26,5
TJ McDaniel,RB,43,208,4.8,57,4
E.J. Smith,RB,30,206,6.9,87,3
Darvon Hubbard,RB,52,206,4.0,21,2
Stetson Bennett,QB,57,205,3.6,64,10
Chance Bell,RB,50,205,4.1,24,0
Kazmeir Allen,RB,15,203,13.5,75,2
Amari Daniels,RB,36,200,5.6,38,0
Jonathon Brooks,RB,30,197,6.6,70,5
Eli Sanders,RB,47,197,4.2,43,0
Cade Ballard,QB,49,196,4.0,21,1
Josh Berry,RB,38,196,5.2,19,1
Grayson McCall,QB,91,195,2.1,21,6
Ta'ron Keith,RB,47,195,4.1,32,1
Mitch Leigber,S,58,194,3.3,10,2
Calvin Camp,RB,20,193,9.6,44,4
Marcel Murray,RB,35,193,5.5,75,1
Janari Dean,RB,62,191,3.1,16,3
Trelon Smith,RB,54,190,3.5,20,2
Nay'Quan Wright,RB,47,190,4.0,14,2
Ajay Allen,RB,33,190,5.8,23,2
Jordan James,RB,46,189,4.1,24,5
Hinckley Ropati,RB,36,189,5.3,43,1
Sean Dollars,RB,34,188,5.5,20,1
Michel Dukes,RB,54,188,3.5,28,5
Hayden Reed,RB,37,188,5.1,45,2
Ben Wooldridge,QB,48,187,3.9,17,2
Jared Brown,WR,20,187,9.4,45,1
Bill Jackson,RB,31,186,6.0,47,0
Tucker Gleason,QB,42,185,4.4,27,3
Bryce Young,QB,49,185,3.8,63,4
Braxton Burmeister,QB,39,183,4.7,47,1
Holton Ahlers,QB,72,182,2.5,37,6
Johnathan Bennett,QB,76,181,2.4,23,2
Jaden Nixon,RB,46,181,3.9,51,0
Byrum Brown,QB,31,179,5.8,42,3
Sean Clifford,QB,69,176,2.6,62,5
Myles Bailey,RB,32,176,5.5,32,0
Colson Yankoff,RB,34,174,5.1,23,1
Malik Hornsby,QB,31,172,5.5,52,0
Jacob Kibodi,RB,37,169,4.6,20,0
AJ Mayer,QB,32,169,5.3,28,2
Cam'Ron Valdez,RB,18,169,9.4,38,0
CJ Harris,QB,37,168,4.5,20,3
Anderson Castle,RB,26,167,6.4,21,2
Markese Stepp,RB,28,166,5.9,39,0
Evan Prater,QB,49,166,3.4,44,1
Tim Baldwin Jr.,RB,33,165,5.0,29,0
Dexter Williams II,QB,40,165,4.1,34,1
Sevion Morrison,RB,23,165,7.2,40,1
Malik Knowles,WR,8,164,20.5,75,3
Bryson Daily,QB,12,163,13.6,64,2
Ky Thomas,RB,53,162,3.1,40,2
Skyler Bell,WR,13,160,12.3,44,0
Christian Beal-Smith,RB,39,156,4.0,52,5
Ashton Daniels,QB,25,156,6.2,43,3
TJ McMahon,QB,65,154,2.4,64,3
Treyson Bourguet,QB,43,154,3.6,18,1
Kenny Tracy,RB,37,153,4.1,23,0
Jakairi Moses,RB,26,152,5.8,29,0
Calvin Brownholtz,QB,32,151,4.7,25,3
Cam Davis,RB,46,151,3.3,17,1
Patrick Smith,RB,56,151,2.7,17,1
Simeon Price,RB,30,150,5.0,28,0
Charlie Offerdahl,RB,37,150,4.1,14,0
Miles Kendrick,QB,76,148,1.9,26,3
Luke McCaffrey,WR,12,148,12.3,37,1
Kobe Lewis,RB,43,146,3.4,19,0
Xavier Johnson,WR,12,146,12.2,71,1
Cole Snyder,QB,110,146,1.3,25,4
Malachi Thomas,RB,37,146,3.9,29,1
Braylon Braxton,QB,55,145,2.6,37,5
Rodney Hill,RB,27,144,5.3,18,1
Johnny Martin,RB,31,144,4.6,16,1
Gavin Frakes,QB,33,143,4.3,29,2
Sherod White,RB,40,142,3.5,22,3
Max Balthazar,RB,27,141,5.2,22,1
Jalil Farooq,WR,15,140,9.3,24,0
Athan Kaliakmanis,QB,34,140,4.1,23,1
Colby McDonald,RB,30,140,4.7,49,2
Johnny Langan,TE,31,139,4.5,29,1
Cade Klubnik,QB,42,139,3.3,16,2
Tyrone Tracy Jr.,RB,17,138,8.1,20,0
Gavin Williams,RB,43,138,3.2,19,0
Logan Point,FB,33,138,4.2,26,1
Billy Edwards Jr.,QB,34,136,4.0,32,1
Johnny Ford,RB,41,135,3.3,34,1
Sutton Smith,RB,29,135,4.7,15,2
Justin Holaday,QB,50,135,2.7,35,1
Ladd McConkey,WR,7,134,19.1,70,2
Deondre Jackson,RB,32,134,4.2,22,0
Elelyon Noa,RB,33,133,4.0,16,0
Vaughn Pemberton,RB,35,133,3.8,16,0
Omar Fattah,FB,28,130,4.6,11,0
Bugs Mortimer,WR,8,130,16.3,69,0
Sam Hartman,QB,102,129,1.3,25,1
Terry Moore,S,29,128,4.4,17,0
Dean Connors,RB,27,128,4.7,22,0
Zach Pyron,QB,35,127,3.6,19,2
Tim Gans,RB,26,127,4.9,24,1
Kanye Roberts,RB,19,127,6.7,29,2
Jake Neatherton,RB,30,126,4.2,16,1
Keshawn Wicks,RB,32,125,3.9,15,1
D.J. Jones,RB,26,124,4.8,21,1
Tyler Buchner,QB,36,123,3.4,21,4
K'Wan Powell,RB,24,123,5.1,37,1
Ramon Brown,RB,34,122,3.6,12,0
Jayden de Laura,QB,74,122,1.6,34,4
Uriah West,RB,48,121,2.5,10,3
Jahmyl Jeter,RB,36,120,3.3,21,1
Myles Montgomery,RB,14,120,8.6,76,1
La'Vell Wright,RB,39,120,3.1,15,0
Thomas Castellanos,QB,14,120,8.6,43,1
Chance Black,RB,42,119,2.8,19,0
Jaylen Dixon,WR,10,118,11.8,22,4
Chase Gillespie,RB,27,118,4.4,37,0
Chase Brice,QB,71,117,1.6,14,4
Jack Chambers,QB,43,117,2.7,19,1
Dylan Hopkins,QB,49,116,2.4,61,2
Donovan Smith,QB,76,116,1.5,27,7
Bryson Barnes,QB,20,116,5.8,32,0
Aron Cruickshank,WR,11,115,10.5,42,1
Le'Veon Moss,RB,27,114,4.2,23,1
Jayle Stacks,RB,35,114,3.3,19,1
Delbert Mimms III,RB,27,113,4.2,14,0
Ricky Pearsall,WR,8,113,14.1,76,1
DeAndre Hughes,WR,23,113,4.9,34,1
Matt Myers,QB,22,110,5.0,16,3
Terry Wilkins,RB,19,110,5.8,69,1
Stone Earle,QB,18,110,6.1,28,1
Brock Bowers,TE,9,109,12.1,75,3
Tyler Crowe,RB,15,109,7.3,46,0
Rashad Rochelle,WR,27,109,4.0,16,1
Drew Pyne,QB,47,108,2.3,21,2
C.J. Stroud,QB,47,108,2.3,44,0
Xavier Williams,QB,26,108,4.2,67,2
Lajohntay Wester,WR,15,106,7.1,54,1
Jayshon Jackson,WR,13,105,8.1,26,0
Demario Douglas,WR,5,105,21.0,75,1
Silas Bolden,WR,9,105,11.7,36,2
Rayshon Luke,RB,15,105,7.0,28,0
Gavin Sawchuk,RB,17,105,6.2,25,1
A'Jon Vivens,RB,39,104,2.7,10,0
Jaren Mangham,RB,24,104,4.3,23,3
Jack Colletto,FB,27,103,3.8,41,6
Tajay Ahmed,RB,28,102,3.6,11,1
Roderick Daniels Jr.,WR,16,102,6.4,23,1
Jalen Johnson,RB,2,102,51.0,80,1
Damien Moore,RB,22,101,4.6,12,0
Isaiah Gash,RB,19,101,5.3,38,2
Elijah Gilliam,RB,17,101,5.9,21,1
Tanner Mordecai,QB,59,100,1.7,60,2
Cale Millen,DB,17,100,5.9,49,1
Zahir Abdus-Salaam,RB,46,100,2.2,16,0
A.J. Turner,RB,17,100,5.9,17,0
Dane Kinamon,WR,5,98,19.6,71,1
King Doerue,RB,27,97,3.6,9,3
Brendan Sullivan,QB,54,97,1.8,15,1
Conner Weigman,QB,27,97,3.6,32,0
Darwin Barlow,RB,16,96,6.0,19,3
Sol-Jay Maiava-Peters,RB,14,96,6.9,17,1
Blake Shapen,QB,76,96,1.3,35,2
Kaylon Horton,WR,7,95,13.6,66,2
Greg Garner,RB,31,95,3.1,21,1
Jimmy Horn Jr.,WR,9,95,10.6,55,1
Lucious Stanley,RB,19,94,4.9,14,0
Andrew Clair,RB,18,94,5.2,22,1
Bryce Carpenter,QB,39,94,2.4,12,1
Jacob Zeno,QB,32,94,2.9,23,1
Keyvone Lee,RB,25,94,3.8,12,0
Gabe Ervin Jr.,RB,20,94,4.7,14,0
Elijah Young,RB,19,93,4.9,22,0
George Pettaway,RB,20,93,4.7,29,2
Michael Penix Jr.,QB,35,92,2.6,30,4
Darius Boone Jr.,RB,26,92,3.5,11,3
Chip Trayanum,RB,15,92,6.1,24,0
Nick Mosley,RB,23,92,4.0,14,0
Ja'Quez Cross,RB,24,92,3.8,12,0
Joey Braasch,RB,29,91,3.1,11,0
Xavier Coleman,RB,21,91,4.3,11,0
Caleb Robinson,RB,26,91,3.5,20,0
Henry Rutledge,RB,18,91,5.1,17,0
Julius Davis,RB,13,90,6.9,33,0
Will Nixon,RB,21,89,4.2,13,2
Luther Burden III,WR,18,88,4.9,17,2
MJ Morris,QB,49,88,1.8,17,1
Mason Blakemore,RB,23,88,3.8,19,1
Chase Hayden,RB,22,87,4.0,23,0
Quincy Patterson,QB,28,87,3.1,12,2
Joe Ervin,RB,17,87,5.1,20,0
Chandler Fields,QB,36,87,2.4,21,2
Isaiah Newell,RB,16,87,5.4,18,2
Emeka Egbuka,WR,11,87,7.9,27,2
Malachi Corley,WR,11,87,7.9,29,0
Jonathan Brady,WR,10,87,8.7,37,0
Rocko Griffin,RB,9,86,9.6,34,1
Keilan Robinson,RB,25,86,3.4,26,0
Rahmir Johnson,RB,19,85,4.5,17,0
Antavious Willis,RB,22,85,3.9,20,0
Brian Brewton,RB,20,85,4.3,24,0
Damari Alston,RB,14,85,6.1,35,0
Haynes King,QB,29,83,2.9,31,1
An'Darius Coffey,DB,15,83,5.5,16,0
Kejon Owens,RB,26,83,3.2,16,1
Kiael Kelly,QB,8,83,10.4,40,0
Braydon Bennett,RB,16,83,5.2,21,0
Terrion Avery,RB,21,82,3.9,14,0
Jensen Jones,QB,14,82,5.9,15,2
Chris Curry,RB,12,81,6.8,24,1
Trey Sanders,RB,14,80,5.7,11,1
Marvin Scott III,RB,18,80,4.4,11,0
Brendon Barrow,RB,19,80,4.2,15,0
Jamie Felix,RB,23,80,3.5,13,0
Lee Witherspoon,RB,15,79,5.3,33,2
Behren Morton,QB,42,79,1.9,15,2
Dayton Wade,WR,9,78,8.7,36,0
Joe Milton III,QB,18,77,4.3,21,0
Kobe Pace,RB,30,77,2.6,11,3
Byron Cardwell,RB,11,76,6.9,16,1
Gavin Hardison,QB,66,76,1.2,29,1
Nathan Kent,WR,4,76,19.0,70,1
Chance Nolan,QB,16,75,4.7,15,1
Lorenzo Lingard,RB,10,75,7.5,20,1
Trey Palmer,WR,5,75,15.0,60,0
Maurice Bellan,RB,11,75,6.8,12,0
Ulysses Bentley IV,RB,16,73,4.6,17,4
Chubba Purdy,QB,24,73,3.0,13,2
Hunter Dekkers,QB,89,73,0.8,28,2
Michael Jackson III,WR,2,72,36.0,53,0
Bryson Donnell,RB,16,72,4.5,38,0
Jason Albritton,RB,12,72,6.0,18,1
Terrell Vaughn,WR,13,72,5.5,15,1
Will Towns,RB,12,71,5.9,18,0
Monaray Baldwin,WR,7,71,10.1,50,1
Gavin Freeman,WR,7,71,10.1,46,1
Gunnar Gundy,QB,19,70,3.7,24,0
Jet Harris,RB,17,70,4.1,9,0
O'Maury Samuels,RB,9,69,7.7,36,0
Jordan Johnson,RB,12,69,5.8,18,0
Jayden Clemons,QB,15,68,4.5,14,1
Demarcus Jones II,RB,24,68,2.8,12,0
Julian Ross,RB,11,67,6.1,28,0
Taye McWilliams,RB,18,67,3.7,9,0
AJ Brown,RB,15,67,4.5,14,1
Tevin White,RB,14,67,4.8,16,0
Daniel Jones,RB,18,67,3.7,19,0
Ben Jefferson,WR,8,67,8.4,48,0
Jordon Vaughn,LB,16,67,4.2,17,2
Cole Freeman,QB,18,66,3.7,21,0
TC Caffey,RB,10,66,6.6,49,1
Carter Bradley,QB,68,64,0.9,18,2
Taulia Tagovailoa,QB,87,64,0.7,26,4
Brock Domann,QB,32,64,2.0,44,1
Dylan Paine,RB,15,64,4.3,13,0
CJ Campbell Jr.,RB,18,64,3.6,15,2
Sam Jackson V,QB,9,64,7.1,32,2
Luke Doty,QB,5,63,12.6,17,1
Preston Stone,QB,14,63,4.5,14,2
Mareyohn Hrabowski,QB,26,63,2.4,15,0
Jordan Nabors,WR,9,63,7.0,32,2
Gavin Wimsatt,QB,40,63,1.6,48,0
Jakari Norwood,RB,27,62,2.3,11,0
Bobby Wooden,S,7,62,8.9,15,0
Zylan Perry,RB,20,62,3.1,14,0
Tawee Walker,RB,18,62,3.4,7,0
David Bailey,RB,20,61,3.0,15,0
Tahj Gary,RB,14,61,4.4,14,0
Michael Mathison,WR,5,61,12.2,31,0
Jordan Younge-Humphrey,RB,18,61,3.4,30,2
Obie Sanni,RB,18,61,3.4,11,0
Shakhi Carson,RB,6,61,10.2,19,1
Tank Smith,RB,23,61,2.7,11,0
Jarrett Guest,QB,36,60,1.7,26,1
Charlie Vincent,RB,17,60,3.5,12,1
Ty Keyes,QB,13,60,4.6,12,1
Sammy Malignaggi,RB,14,60,4.3,16,1
Pailate Makakona,RB,20,60,3.0,9,0
Zac Larrier,QB,12,60,5.0,28,0
Rico Barfield,RB,15,60,4.0,17,0
Willie Shaw III,RB,19,60,3.2,17,1
Preston Landis,RB,8,60,7.5,15,1
Nick Patti,QB,14,59,4.2,41,0
Jaden Hullaby,TE,13,59,4.5,14,0
PaSean Wimberly,RB,17,59,3.5,23,0
Bryce Duke,RB,18,59,3.3,12,0
Gabriel Rogers,WR,9,58,6.4,18,1
Max Johnson,QB,29,58,2.0,18,0
Cameron Ward,QB,107,58,0.5,17,5
John Mateer,QB,4,58,14.5,37,0
Zack Martin,RB,9,57,6.3,23,1
Derrick Davis Jr.,RB,11,57,5.2,16,1
Christian Grubb,RB,8,57,7.1,21,1
Demond Claiborne,RB,14,57,4.1,32,0
Dakereon Joyner,RB,12,56,4.7,13,2
Taisun Phommachanh,QB,15,56,3.7,8,2
Nate McCollum,WR,6,56,9.3,40,1
Willie Taggart Jr.,WR,12,56,4.7,18,1
Jaquez Yant,RB,20,56,2.8,10,2
Josh McCray,RB,19,56,2.9,9,0
Anthony Tyus III,RB,19,56,2.9,8,0
Tanner Morgan,QB,34,55,1.6,15,4
Brett Gabbert,QB,39,55,1.4,18,1
Emery Simmons,WR,2,54,27.0,44,0
Kanoa Shannon,RB,13,54,4.2,14,1
Kannon Katzer,RB,6,54,9.0,24,1
Mike Sharpe II,RB,17,54,3.2,12,1
Aaron Turner,WR,14,53,3.8,15,0
Cam Barfield,RB,25,53,2.1,9,0
Antoine Lane,RB,11,53,4.8,21,0
Harold Fannin Jr.,TE,10,53,5.3,24,4
Ryan Glover,QB,10,52,5.2,28,0
Chase Cunningham,QB,99,52,0.5,18,6
Austin Aune,QB,44,52,1.2,16,1
Kenyon Sims,RB,10,52,5.2,13,0
Jack Salopek,QB,58,52,0.9,61,1
Ben Gulbranson,QB,40,52,1.3,12,5
BK Jackson,RB,10,52,5.2,13,0
Drew Allar,QB,18,52,2.9,19,1
Jack Browning,PK,3,52,17.3,33,0
Levi Williams,QB,10,51,5.1,25,0
Daniel Carter,RB,16,51,3.2,11,2
Camden Orth,QB,19,51,2.7,17,1
Jalen Brooks,WR,4,51,12.8,24,1
Maurice Jones,RB,8,51,6.4,20,0
Nate Johnson,QB,5,51,10.2,21,2
Jayden McGowan,WR,14,51,3.6,13,0
Ahmarean Brown,WR,5,50,10.0,34,0
Benjamin Yurosek,TE,1,50,50.0,50,0
Julian Gray,WR,5,50,10.0,24,0
Djouvensky Schlenbaker,RB,4,50,12.5,34,0
Jordan Ferguson,DE,1,49,49.0,49,0
Lorenzo Styles Jr.,CB,3,49,16.3,22,0
Kyron Drones,QB,8,49,6.1,17,2
Qualon Farrar,RB,10,49,4.9,19,0
Bishop Davenport,QB,30,49,1.6,19,2
Jaylen Hall,WR,3,48,16.0,29,0
Drake Stoops,WR,8,48,6.0,14,0
Elijah Higgins,WR,4,48,12.0,18,0
Giles Jackson,WR,9,48,5.3,18,0
Jalen Mitchell,RB,10,48,4.8,24,0
Michael Wilson,WR,4,47,11.8,18,0
Jaylin Noel,WR,3,47,15.7,27,0
Chandler Pittman,RB,22,47,2.1,11,0
Arland Bruce IV,WR,12,47,3.9,23,1
Brayden Schager,QB,45,47,1.0,24,0
Jaziun Patterson,RB,14,47,3.4,17,0
Noah Vedral,QB,17,46,2.7,21,1
Spencer Rattler,QB,73,46,0.6,17,3
Garrett Dzuro,QB,31,46,1.5,25,0
Hudson Card,QB,17,46,2.7,32,0
Kilohana Haasenritter,RB,9,46,5.1,9,1
Jaylen Thomas,RB,18,46,2.6,9,0
Tavierre Dunlap,RB,9,46,5.1,15,0
Brady Olson,QB,34,46,1.4,19,0
Michael Cox,RB,9,46,5.1,17,0
Kenyon Clay,RB,21,46,2.2,13,2
Dylan McDuffie,RB,22,45,2.0,9,1
Aaron Bedgood,RB,8,45,5.6,30,1
Kacper Rutkiewicz,WR,5,45,9.0,12,1
Taven Curry,RB,10,45,4.5,14,0
Aiden Calvert,RB,4,45,11.3,15,1
Jesiah Irish,WR,8,44,5.5,14,0
Kelley Joiner Jr.,RB,12,44,3.7,10,0
Sevaughn Clark,RB,7,44,6.3,18,0
Tariq Sims,RB,19,44,2.3,9,0
Patrick Wilk,RB,10,44,4.4,11,0
Cash Jones,RB,2,44,22.0,36,1
Tyjahree Edwards,RB,14,44,3.1,10,0
Lawrence Keys III,WR,5,43,8.6,15,1
Brendon Lewis,QB,12,43,3.6,24,0
Dominique Johnson,RB,8,43,5.4,12,0
Carson Beck,QB,7,43,6.1,20,0
Dea Dea McDougle,WR,7,43,6.1,16,1
Carlos Del Rio-Wilson,QB,25,43,1.7,15,0
Ethan Wright,RB,8,43,5.4,18,0
Nate Hope II,RB,10,43,4.3,11,1
Owen Burk,RB,16,43,2.7,9,0
Zach Wilcke,QB,45,43,1.0,23,0
Jordan McDonald,RB,11,43,3.9,9,1
Terrell Walden II,RB,6,43,7.2,15,1
Nikko Remigio,WR,6,42,7.0,13,2
Payton Thorne,QB,60,42,0.7,21,1
Will Jones,RB,15,41,2.7,22,0
Kayshon Boutte,WR,1,41,41.0,41,0
Quentin Skinner,WR,2,41,20.5,20,0
Lucas Barisas,RB,8,41,5.1,13,0
Ronnie Walker Jr.,RB,10,40,4.0,8,1
Sam Adams II,RB,13,40,3.1,9,0
Zay Flowers,WR,12,40,3.3,22,0
Antonio Patterson,RB,9,40,4.4,13,0
Jarel Dickson,RB,11,40,3.6,7,0
Tyler Toledo,RB,5,40,8.0,17,1
Preston Jelen,RB,5,39,7.8,30,1
Juwaun Price,RB,8,39,4.9,18,0
Jacolby Criswell,QB,4,39,9.8,17,0
Roman Wilson,WR,2,39,19.5,21,2
LJ Johnson Jr.,RB,10,39,3.9,14,2
Dante Miller,RB,6,38,6.3,23,0
Tayvion Robinson,WR,8,38,4.8,12,0
Aaron Young,RB,11,38,3.5,14,0
Trent Battle,RB,9,38,4.2,11,0
Will Pelissier,WR,6,38,6.3,18,0
Owen McCown,QB,27,38,1.4,20,2
Keegan Holles,RB,10,38,3.8,18,0
Isaiah Phillips,RB,12,37,3.1,6,0
Devyn Ford,RB,7,37,5.3,30,0
Cross Patton,RB,11,37,3.4,11,0
Kobie Campbell,WR,4,37,9.3,34,0
Charles Hall IV,WR,2,37,18.5,20,0
Alex Orji,QB,6,37,6.2,19,2
Jordan Lowe,RB,2,37,18.5,29,1
Jake Barlage,QB,1,37,37.0,37,0
Justin Williams-Thomas,RB,11,37,3.4,8,0
Malachi Carter,WR,2,36,18.0,40,0
Harlan Dixon,RB,8,36,4.5,8,0
Money Parks,WR,6,36,6.0,13,0
Jordan Wilmore,RB,13,36,2.8,7,0
Tyrin Smith,WR,5,36,7.2,15,0
Tommy DeVito,QB,73,35,0.5,18,6
Mycah Pittman,WR,7,35,5.0,15,0
Danny Hughes,RB,6,35,5.8,16,0
Logan Fife,QB,32,35,1.1,30,3
Kyle Vantrease,QB,33,34,1.0,15,3
Corey Wren,RB,6,34,5.7,22,0
Todd Justice,TE,2,34,17.0,30,0
Haden Carlson,QB,19,34,1.8,21,0
Deshun Murrell,RB,6,34,5.7,9,0
Justin Rodriguez,RB,14,34,2.4,11,1
D.J. Mack Jr.,QB,5,33,6.6,20,1
Dashaun Davis,WR,4,33,8.3,20,0
Jordan Addison,WR,4,33,8.3,17,0
TJ Finley,QB,17,33,1.9,18,1
Jackson McChesney,RB,3,33,11.0,28,0
Jordan Moore,WR,4,33,8.3,12,0
Jaydon Blue,RB,15,33,2.2,10,0
Walker Howard,QB,6,33,5.5,23,0
Stone Frost,QB,4,33,8.3,17,0
Zeon Chriss,QB,6,33,5.5,25,0
AJ Williams,LB,2,33,16.5,26,0
Martin Blake,RB,9,33,3.7,9,0
Trey Lowe,QB,31,-11,-0.4,18,0
Talik Keaton,WR,2,32,16.0,30,0
Malik Caper,RB,18,32,1.8,5,1
Torry Locklin,RB,12,32,2.7,12,1
Chimere Dike,WR,5,32,6.4,12,1
BJ Harris,RB,8,32,4.0,14,1
Marvin Harrison Jr.,WR,2,32,16.0,18,0
Matthew Hayball,P,2,32,16.0,21,0
Jay Woolfolk,QB,2,32,16.0,31,0
Luke Wysong,WR,21,32,1.5,13,1
Nicco Marchiol,QB,6,32,5.3,9,0
Eddie Battle,RB,2,32,16.0,26,0
Lee Beebe,RB,3,32,10.7,18,0
Devon Perry,WR,5,31,6.2,17,1
Emory Jones,QB,59,31,0.5,23,4
Kalel Mullings,RB,14,31,2.2,6,3
TJ Jones,WR,2,31,15.5,17,0
Zamar Wise,WR,15,31,2.1,15,0
J.J. Jernighan,RB,7,31,4.4,7,0
Joseph Himon II,RB,4,31,7.8,14,0
Domonique Thomas,RB,7,31,4.4,8,0
Derius Davis,WR,3,30,10.0,27,1
JJ Henry,WR,6,30,5.0,21,0
Damien Taylor,RB,8,30,3.8,9,1
Davis Warren,QB,3,30,10.0,12,0
Jack Turner,QB,7,30,4.3,40,0
Phillip Brooks,WR,4,29,7.3,16,0
Dylan Morris,QB,5,29,5.8,23,0
Wesley Kommer,RB,10,29,2.9,9,0
Devontez Walker,WR,3,29,9.7,18,1
Miles Stewart,RB,6,29,4.8,7,0
Austin Burton,QB,18,28,1.6,10,0
Michael Alaimo,QB,7,28,4.0,8,0
Logan Smothers,QB,12,28,2.3,10,0
Deuce Spann,WR,5,28,5.6,16,0
Christian Brown,RB,6,28,4.7,7,0
Jaylen Jennings,RB,6,28,4.7,8,0
Rayuan Lane III,S,1,28,28.0,28,0
Kris Thornton,WR,4,27,6.8,13,0
Jaylon Robinson,WR,4,27,6.8,8,0
Joshua Fleeks,WR,3,27,9.0,13,0
Desmond Trotter,QB,6,27,4.5,18,0
Garret Fountain,DL,1,27,27.0,27,0
Cole Kramer,QB,6,27,4.5,11,0
Isaac Jernagin,WR,4,27,6.8,13,0
Eddie Lee Marburger,QB,9,27,3.0,12,0
Xavier Townsend,WR,5,27,5.4,9,1
Charles Kellom,RB,2,27,13.5,14,0
Jalen Buckley,RB,9,27,3.0,11,0
Brayden Willis,TE,10,26,2.6,6,0
Trey Blair,RB,7,26,3.7,6,0
Jhaylin Embry,WR,3,26,8.7,19,0
Jordan Nubin,RB,9,26,2.9,7,0
Keytaon Thompson,WR,4,25,6.3,10,1
Jamontez Woods,RB,17,25,1.5,14,0
Terence Fall,WR,1,25,25.0,25,1
Tavorus Jones,RB,7,25,3.6,11,0
Kai Puailoa-Rojas,RB,3,25,8.3,16,0
Ben Brittain,QB,3,25,8.3,19,0
Jah'Mar Sanders,WR,2,25,12.5,15,1
Danny Longman,PK,1,24,24.0,24,0
Cooper Lutz,RB,6,24,4.0,9,1
Chandler Morris,QB,6,24,4.0,15,0
Charlie Brewer,QB,7,23,3.3,11,0
Ronnie Bell,WR,3,23,7.7,16,1
Sam Wiglusz,WR,2,23,11.5,30,0
Elijhah Badger,WR,4,23,5.8,9,0
Izayah Cummings,TE,1,23,23.0,23,0
Nick Nash,WR,3,23,7.7,20,0
Shamar Garrett,RB,19,23,1.2,8,0
Destin Wade,QB,17,23,1.4,19,0
Hugh Robertson,P,1,23,23.0,23,0
Ryan Burger,QB,2,23,11.5,12,0
Mychael Hamilton,RB,9,23,2.6,12,0
Alred Luke,WR,8,23,2.9,15,0
Adonicas Sanders,WR,6,22,3.7,10,0
Will Howard,QB,35,22,0.6,14,3
Katravis Marsh,QB,20,22,1.1,24,0
Isaac Ross,WR,4,22,5.5,17,0
Brashard Smith,WR,3,22,7.3,9,0
Jonzell Norrils,RB,9,22,2.4,8,0
Jesse Mirco,P,1,22,22.0,22,0
Tre Harris,WR,5,22,4.4,8,0
Mark Anthony Scott Jr.,RB,7,22,3.1,13,0
Tyjon Lindsey,WR,2,21,10.5,13,1
Kade Warner,WR,3,21,7.0,11,0
Matt Landers,WR,2,21,10.5,15,0
Xavier Legette,WR,7,21,3.0,19,0
Bryce Stephens,WR,1,21,21.0,21,0
Dee Beckwith,WR,5,21,4.2,7,0
Keith Adams Jr.,RB,3,21,7.0,11,0
Tommy Ulatowski,QB,4,21,5.3,11,0
Champ Flemings,WR,2,20,10.0,15,0
Kris Mitchell,WR,4,20,5.0,13,0
Mudia Reuben,WR,4,20,5.0,14,0
Braylen Walker,WR,1,20,20.0,20,0
Jalen Moreno-Cropper,WR,7,19,2.7,27,0
Zae Baines,WR,4,19,4.8,19,0
Javion Posey,WR,4,19,4.8,7,0
Ketron Jackson Jr.,WR,1,19,19.0,19,0
Ashton Stredick,RB,3,19,6.3,8,0
Jay'Veon Sunday,RB,1,19,19.0,19,0
Wyatt Wieland,WR,6,19,3.2,9,2
Nate Hampton,QB,13,19,1.5,7,0
William Haskell,QB,3,19,6.3,15,0
Elijah Hopkins,CB,4,19,4.8,9,0
DJ Riles,QB,7,19,2.7,16,0
Tyler Holzworth,RB,6,19,3.2,7,0
Artur Sitkowski,QB,5,18,3.6,11,0
Josh Coltrin,RB,5,18,3.6,12,0
Matthew Shipley,PK,1,18,18.0,18,0
A'Varius Sparrow,RB,8,18,2.3,7,0
Chris Carpenter,WR,3,18,6.0,8,0
Bryce Archie,QB,3,18,6.0,11,0
Jackson Stratton,QB,1,18,18.0,18,0
Javaris Bufford,RB,2,18,9.0,15,0
Logan Bonner,QB,12,17,1.4,6,0
Braydon Johnson,WR,2,17,8.5,17,0
Princeton Fant,TE,6,17,2.8,11,5
Maurice Bell,WR,3,17,5.7,16,0
Jaylon Bester,RB,10,17,1.7,11,0
Gunnar Holmberg,QB,7,17,2.4,11,0
Nico Ragaini,WR,2,17,8.5,12,0
Cade Fortin,QB,7,17,2.4,17,0
James Foster,QB,11,17,1.5,15,0
Christian Dremel,WR,1,17,17.0,17,0
Henry Hesson,QB,2,17,8.5,9,0
Bennett Galloway,RB,6,17,2.8,7,0
Jeshaun Jones,WR,1,16,16.0,16,0
Tanner Knue,WR,2,16,8.0,11,0
Malik Washington,WR,9,16,1.8,10,0
Chad Alexander,RB,7,16,2.3,5,0
Kaden Dudley,RB,8,16,2.0,6,0
Stephon Johnson,WR,2,16,8.0,11,0
Eric Weatherly,WR,2,16,8.0,14,1
Isiah Paige,WR,2,16,8.0,11,0
Robert Armes,RB,2,16,8.0,13,0
Daewood Davis,WR,1,15,15.0,15,0
Trae Allen,RB,6,15,2.5,7,0
Rakim Jarrett,WR,3,15,5.0,10,0
Dajon Richard,RB,8,15,1.9,9,0
Ja'Lynn Polk,WR,1,15,15.0,15,0
Jordan Brunson,RB,7,15,2.1,5,0
EJ Horton,WR,2,15,7.5,12,0
Justin Ibieta,QB,3,15,5.0,9,1
Kaedin Robinson,WR,1,15,15.0,15,0
Dean Patterson,WR,3,15,5.0,6,0
NyNy Davis,WR,2,15,7.5,9,0
Charles Montgomery,WR,6,15,2.5,6,0
Alonza Barnett III,QB,4,15,3.8,10,0
Quinton Jackson,RB,3,15,5.0,11,0
Jack Bouwmeester,P,1,14,14.0,14,0
Jalen McGaughy,WR,2,14,7.0,9,0
Mason Garcia,QB,5,14,2.8,11,0
Mitch Griffis,QB,15,14,0.9,9,0
Tate Rodemaker,QB,10,14,1.4,22,0
Drew Carter,QB,7,14,2.0,18,0
Key'Shawn Smith,WR,3,14,4.7,7,0
Mason Fakahua,TE,7,14,2.0,5,0
Xavier Worthy,WR,2,14,7.0,7,0
Ashton Hayes,RB,1,14,14.0,14,0
AJ Padgett,QB,30,14,0.5,14,0
Vinny Anthony II,WR,3,14,4.7,7,0
Devin Gardner,RB,7,14,2.0,4,0
Isaiah Woullard,RB,9,13,1.4,5,0
Trent Thompson,TE,0,13,0.0,13,0
Lance LeGendre,WR,2,13,6.5,11,0
Mikele Colasurdo,QB,1,13,13.0,13,0
AJ Gates,RB,11,13,1.2,6,0
Kai Millner,QB,1,13,13.0,13,0
Nicholas Vattiato,QB,24,13,0.5,13,0
Jack Miller III,QB,13,13,1.0,15,0
Bryson Moss,RB,5,13,2.6,8,1
Andy Vujnovich,P,1,13,13.0,13,0
Daniel Bangura,RB,5,13,2.6,6,0
Katin Houser,QB,1,13,13.0,13,0
Mitch Rossi,TE,5,12,2.4,8,1
Parker Day,RB,5,12,2.4,5,0
Shedrick Jackson,WR,1,12,12.0,12,0
James Tupou,FB,1,12,12.0,12,0
Billy Bowens,WR,1,12,12.0,12,0
Devin Maddox,WR,5,12,2.4,7,0
Dante Cephas,WR,2,12,6.0,8,0
Brendon Clark,QB,6,12,2.0,5,0
Brennan Presley,WR,5,12,2.4,9,1
Ja'Varrius Johnson,WR,4,12,3.0,8,0
Ryan Marquez,WR,3,12,4.0,8,0
DJ England-Chisolm,WR,2,12,6.0,7,0
Kyle Williams,WR,1,12,12.0,12,0
Trent Howland,RB,2,12,6.0,9,0
Jayden Umbarger,WR,4,12,3.0,14,0
Jimmie Haywood,RB,4,12,3.0,4,0
Jonathan Bennett,RB,2,12,6.0,10,0
Nehemiah Martinez I,WR,2,12,6.0,6,0
Camden Sirmon,WR,3,12,4.0,7,0
Justin Joly,TE,1,12,12.0,12,0
Max Grand,RB,6,12,2.0,4,0
Cannon Turner,QB,2,12,6.0,9,0
George Arata,RB,3,12,4.0,6,0
Dillon Doyle,LB,6,11,1.8,4,0
Jayden Reed,WR,4,11,2.8,17,0
Isaiah Hamilton,WR,1,11,11.0,11,0
Ainias Smith,WR,3,11,3.7,9,0
Anthony Gould,WR,2,11,5.5,15,0
Amari Terry,WR,2,11,5.5,14,0
Tez Johnson,WR,5,11,2.2,11,0
Brandon Epton Jr.,RB,5,11,2.2,6,0
Mitchell Evans,TE,7,11,1.6,4,1
Joe Labas,QB,4,11,2.8,10,0
Bobo Miller,RB,1,11,11.0,11,0
Sam Scott,RB,3,11,3.7,6,0
Terron Dixon II,RB,3,11,3.7,5,0
John Love,PK,1,11,11.0,11,0
Jacoby Jones,WR,2,11,5.5,6,0
Ramon Jefferson,RB,2,10,5.0,8,0
Leonard Taylor,TE,1,10,10.0,10,0
Eddie Lewis,WR,2,10,5.0,11,0
Mackenzie Morgan,P,1,10,10.0,10,1
Joshua Cephus,WR,3,10,3.3,9,1
Bub Means,WR,3,10,3.3,6,0
Mario Williams,WR,1,10,10.0,10,0
Jake Roberts,TE,1,10,10.0,10,0
Trenton Bourguet,QB,24,10,0.4,12,0
Derwin Burgess Jr.,WR,2,10,5.0,6,0
Stephen Kotsanlee,P,1,10,10.0,10,0
Tar'Varish Dawson,WR,2,10,5.0,6,0
Sam Horn,QB,1,10,10.0,10,0
Nick Demas,RB,5,10,2.0,5,0
Jalen Montgomery,RB,3,10,3.3,8,0
Antwane Wells Jr.,WR,3,10,3.3,9,1
Blake Hester,RB,3,10,3.3,5,0
Tayven Jackson,QB,4,10,2.5,14,1
Louis Brown,WR,2,10,5.0,6,0
Jordin Parker,WR,3,10,3.3,7,0
Makhilyn Young,RB,4,10,2.5,5,1
Nevan Cremascoli,QB,9,10,1.1,10,0
Walter Dawn Jr.,WR,1,9,9.0,9,0
Keylon Stokes,WR,4,9,2.3,7,0
Hunter Smith,RB,2,9,4.5,9,0
Sam James,WR,3,9,3.0,5,0
Tank Dell,WR,4,9,2.3,3,0
RaShawn Allen,RB,3,9,3.0,6,0
A.J. Henning,WR,3,9,3.0,6,0
Jordon Simmons,RB,4,9,2.3,3,0
Miller Moss,QB,3,9,3.0,10,0
Sean Atkins,WR,2,9,4.5,6,0
Leon Franklin,RB,4,9,2.3,3,0
Isaiah Gordon,RB,3,9,3.0,4,0
James Jointer,RB,3,9,3.0,4,0
Maddox Kopp,QB,4,9,2.3,7,0
Aidan Laughery,RB,3,9,3.0,5,0
Micah Bell,RB,2,9,4.5,7,0
Ross Fournet,WR,1,9,9.0,9,0
Jakarius Caston,WR,1,9,9.0,9,0
Cartraven Walker,RB,2,9,4.5,7,0
Cam'Ron McCoy,QB,3,9,3.0,5,0
Micah Barnett,FB,1,9,9.0,9,0
Sione Angilau,RB,3,9,3.0,5,0
Tate Jernigan,RB,4,9,2.3,7,0
Victor Tucker,WR,3,8,2.7,11,0
Jack Tuttle,QB,10,8,0.8,15,0
Ta'Quan Roberson,QB,3,8,2.7,5,1
Jha'Quan Jackson,WR,1,8,8.0,8,0
D'Wan Mathis,WR,12,8,0.7,13,0
Tre Tucker,WR,1,8,8.0,8,0
Ja'Khi Douglas,WR,1,8,8.0,8,0
Koy Moore,WR,1,8,8.0,8,0
Jordan Jenkins,RB,3,8,2.7,5,0
Parker Washington,WR,2,8,4.0,4,0
Tyrese Chambers,WR,1,8,8.0,8,0
Charlie Norman,RB,3,8,2.7,5,0
Trebor Pena,WR,2,8,4.0,8,0
Cavon Croom,WR,3,8,2.7,6,0
Ari Patu,QB,3,8,2.7,3,0
Jamaal Bell,WR,5,8,1.6,8,0
Donald Chaney Jr.,RB,2,8,4.0,5,0
Robert Lewis,WR,1,8,8.0,8,0
Jaden Williams,WR,2,8,4.0,9,1
De'Nylon Morrissette,WR,1,8,8.0,8,0
Anthony Simpson,WR,2,8,4.0,11,0
Landry Lyddy,QB,13,8,0.6,15,1
Octavian Smith Jr.,WR,1,8,8.0,8,0
Emmanuel Abdallah,RB,4,8,2.0,5,0
Josh Rolston,PK,1,8,8.0,8,0
Julien Lewis,WR,1,8,8.0,8,0
Jack Hestera,WR,2,8,4.0,6,0
Cyrus Allen,WR,5,8,1.6,8,0
Lucky Sutton,RB,2,8,4.0,4,0
Antonio Williams,WR,5,8,1.6,4,0
Kevin Jennings,QB,5,8,1.6,5,0
Preston Rice,QB,6,7,1.2,7,0
Geordon Porter,WR,2,7,3.5,5,0
Isaiah Spencer,TE,2,7,3.5,6,0
Atonio Mafi,G,0,7,0.0,7,0
Stefan Cobbs,WR,1,7,7.0,7,0
Andrew Erickson,WR,1,7,7.0,7,0
Jadon Haselwood,WR,8,7,0.9,8,0
Weston Eget,QB,3,7,2.3,9,0
Peter LeBlanc,WR,1,7,7.0,4,0
Christian Sims,TE,2,7,3.5,5,0
Rashad Amos,RB,2,7,3.5,9,0
Kelvin Dean,RB,4,7,1.8,5,0
Chris Long,WR,1,7,7.0,7,0
Ja'Shaun Poke,WR,2,7,3.5,10,1
Jayvaun Wilson,RB,1,7,7.0,7,0
Solomon Lewis,WR,2,7,3.5,5,0
Brock Vandagriff,QB,1,7,7.0,7,0
Errol Rogers Jr.,WR,1,7,7.0,7,0
Andres Borregales,PK,1,7,7.0,7,0
Shaleak Knotts,WR,1,7,7.0,7,0
Billy Dozier,WR,5,7,1.4,4,0
Trevon West,WR,1,7,7.0,7,0
Austin Erickson,WR,1,7,7.0,7,0
Mekhi Shaw,WR,2,7,3.5,7,0
Omari Evans,WR,1,7,7.0,7,0
Colt Fulton,QB,1,7,7.0,7,0
Tyler Jordan,RB,7,7,1.0,3,2
Addai Lewellen,RB,1,7,7.0,7,0
R.J. Sneed II,WR,1,6,6.0,6,0
Connor Coles,PK,1,6,6.0,6,1
Monte Pottebaum,FB,3,6,2.0,3,0
Brian Cobbs,WR,2,6,3.0,3,0
Damarius Good,RB,2,6,3.0,4,0
Sam LaPorta,TE,2,6,3.0,6,0
Latrell Caples,WR,2,6,3.0,5,0
Rome Odunze,WR,3,6,2.0,5,1
Dont'e Thornton Jr.,WR,2,6,3.0,9,0
Jalen Kitna,QB,1,6,6.0,6,0
Darius Lewis,WR,1,6,6.0,6,0
Cooper Jewett,RB,2,6,3.0,4,0
Isaiah Holiness,WR,6,6,1.0,6,1
Dominic Lovett,WR,7,6,0.9,18,0
Tory Horton,WR,2,6,3.0,9,0
Malik Cooper,WR,1,6,6.0,6,0
Malik McClain,WR,1,6,6.0,6,0
Braden Smith,WR,0,6,0.0,6,0
Caleb Lahey,RB,3,6,2.0,4,0
Ethan Vasko,QB,2,6,3.0,17,0
Brayden Fowler-Nicolosi,QB,5,6,1.2,14,0
Keylan Rutledge,OL,0,6,0.0,6,0
George Hart III,RB,3,6,2.0,3,0
Cayden Saunders,RB,2,6,3.0,5,0
Sebastian Toland,RB,1,6,6.0,6,0
Charles Schibler,RB,2,6,3.0,5,0
Tony Johnson,WR,1,6,6.0,6,0
T.Y. Harding,WR,3,6,2.0,5,0
Camdan McWright,RB,3,6,2.0,4,0
Henry Donohue,RB,2,6,3.0,5,0
Josh Falo,TE,1,5,5.0,5,0
Daniel George,WR,1,5,5.0,5,0
Robbie Mangas,TE,1,5,5.0,5,0
Tylan Grable,OL,1,5,5.0,5,0
Jack Sullivan,DL,1,5,5.0,5,0
Keaton Bills,OL,0,5,0.0,5,0
Jamari Thrash,WR,2,5,2.5,4,0
LV Bunkley-Shelton,WR,2,5,2.5,5,0
Kaedric Cobbs,RB,1,5,5.0,5,0
Roc Taylor,WR,1,5,5.0,5,0
Mason Mangum,WR,1,5,5.0,5,0
Isaiah Williams,WR,7,5,0.7,13,0
Xavier White,WR,1,5,5.0,5,0
Jaden Voisin,S,1,5,5.0,5,0
Demarcus Jones,WR,1,5,5.0,5,0
Jalen Joseph,RB,4,5,1.3,3,0
Odieu Hiliare,WR,6,5,0.8,5,0
Brady Lichtenberg,QB,1,5,5.0,5,0
Malik Nabers,WR,1,5,5.0,5,0
Donaven McCulley,WR,4,5,1.3,4,1
De'Javion Stepney,DB,11,5,0.5,5,1
Onuma Dieke,WR,1,5,5.0,5,0
Phat Watts,WR,1,5,5.0,5,0
Miles Cross,WR,3,5,1.7,4,0
AJ Duffy,QB,1,5,5.0,5,0
Gi'Bran Payne,RB,2,5,2.5,3,0
Bryce Childress,WR,1,5,5.0,5,0
Austin Hill,DL,1,5,5.0,5,0
Noah Kim,QB,1,5,5.0,5,0
Hunter Rogers,LS,1,5,5.0,5,0
Jacob Conover,QB,1,5,5.0,5,0
Nic Anderson,WR,1,5,5.0,5,0
Jordan Mahoney,DB,1,5,5.0,5,0
De'Andre Coleman,WR,1,5,5.0,5,0
KZ Adams,RB,2,5,2.5,5,0
DeAndre Thomas Jr.,RB,1,5,5.0,5,0
Carlson Joseph,RB,2,5,2.5,4,0
Keyshaun Pipkin,WR,1,5,5.0,5,0
Nick Presley,WR,1,5,5.0,5,0
Grant Goodman,RB,3,5,1.7,4,0
Squirrel White,WR,1,5,5.0,5,0
Hershey McLaurin,S,1,5,5.0,5,0
Jordan Jackson,DB,3,5,1.7,4,0
Wesley Erwin,CB,1,5,5.0,5,0
Cedric Patterson III,WR,1,4,4.0,4,0
Alec Sinkfield,RB,3,4,1.3,5,0
Kelan Walker,RB,3,4,1.3,3,0
Ben Redding,TE,1,4,4.0,4,0
Joseph Scates,WR,1,4,4.0,4,0
Wyatt Rector,TE,2,4,2.0,4,0
Hassan Beydoun,WR,4,4,1.0,3,0
Caleb McMillan,WR,1,4,4.0,4,0
Payne Durham,TE,1,4,4.0,4,0
Christian Wells,WR,1,4,4.0,4,0
JJ Pegues,DT,1,4,4.0,4,0
John Copenhaver,TE,0,4,0.0,4,0
Cam Peters,QB,3,4,1.3,3,0
Ahmari Huggins-Bruce,WR,3,4,1.3,5,0
Jarris Williams,RB,2,4,2.0,4,0
Will Crowder,QB,1,4,4.0,4,0
Dajon Harrison,WR,4,4,1.0,4,0
Kyle McCord,QB,3,4,1.3,3,0
George Johnson III,WR,7,4,0.6,4,0
Garrett Hable,QB,3,4,1.3,3,0
Brody Brecht,WR,1,4,4.0,4,0
Jaylin Lane,WR,3,4,1.3,3,0
Malik Rutherford,WR,1,4,4.0,4,0
Peter Montini,TE,4,4,1.0,7,0
Lucas Coley,QB,3,4,1.3,2,0
Deion Burks,WR,1,4,4.0,4,0
Steven McBride,WR,1,4,4.0,4,0
Tony Grimes Jr.,WR,0,4,0.0,4,0
Tory Taylor,P,1,4,4.0,4,0
Chris Jackson,WR,2,4,2.0,7,0
Blake Bedwell,RB,2,4,2.0,2,0
Yasias Young,RB,1,4,4.0,4,0
Hahsaun Wilson,RB,1,4,4.0,4,0
CJ Montes,QB,22,4,0.2,10,1
Cody Brown,RB,2,4,2.0,2,0
Jake Tafelski,RB,3,4,1.3,3,1
Jordan Smart,WR,1,4,4.0,4,0
Zeek Freeman,WR,1,4,4.0,4,0
Braylon Stewart,RB,2,4,2.0,5,0
Kale Gibbs,RB,1,4,4.0,4,0
Sam Hicks,RB,1,4,4.0,4,0
Sheldon Canley II,RB,2,4,2.0,3,0
Charlie Jones,WR,2,3,1.5,2,0
Yusuf Ali,WR,2,3,1.5,2,0
Tyrick James,TE,1,3,3.0,3,0
Cameron Carroll,RB,3,3,1.0,2,0
Brady McBride,QB,1,3,3.0,3,0
Jamarye Joiner,WR,2,3,1.5,2,0
Nick Mardner,WR,1,3,3.0,3,0
Roderic Burns,WR,1,3,3.0,3,0
Isaiah Esdale,WR,2,3,1.5,2,0
Bru McCoy,WR,1,3,3.0,3,0
Michael Brown Stephens,WR,1,3,3.0,3,0
Oscar Cardenas,TE,2,3,1.5,2,0
Joshua Youngblood,WR,2,3,1.5,5,0
Bryce Kirtz,WR,1,3,3.0,3,0
Jaylon Lott,LB,1,3,3.0,3,0
TJ Sheffield,WR,4,3,0.8,7,0
Ricky White,WR,1,3,3.0,3,0
Moliki Matavao,TE,1,3,3.0,3,1
Ryan Lezon,RB,1,3,3.0,3,0
Khaleb Hood,WR,2,3,1.5,9,0
Alex Raynor,PK,1,3,3.0,3,0
Nick Anderson,LB,1,3,3.0,3,0
Luke Altmyer,QB,4,3,0.8,5,1
Germie Bernard,WR,1,3,3.0,3,0
Marvin Mims Jr.,WR,2,3,1.5,4,0
Malcolm Johnson Jr.,WR,1,3,3.0,3,0
Braylin Presley,RB,2,3,1.5,2,0
Konata Mumpfield,WR,1,3,3.0,3,0
Chase Roberts,WR,4,3,0.8,5,0
Jjay Mcafee,TE,1,3,3.0,3,0
Jack Stonehouse,P,1,3,3.0,3,0
Matt Jones,RB,3,3,1.0,3,1
Amin Hassan,RB,1,3,3.0,3,0
Jake Boust,TE,1,3,3.0,3,0
Jiya Wright,QB,1,3,3.0,3,0
Leyton Smithson,WR,1,3,3.0,3,1
Marc Stampley II,DB,1,3,3.0,3,0
Torrance Burgess Jr.,RB,4,3,0.8,6,0
Ethan Mikita,RB,1,3,3.0,3,0
Raymond James,WR,2,2,1.0,2,0
Quian Williams,WR,2,2,1.0,4,0
Michael Bollinger,TE,1,2,2.0,2,0
Drew Swinney,WR,1,2,2.0,2,0
Jackson Sirmon,LB,1,2,2.0,2,0
Devin Culp,TE,1,2,2.0,2,0
Cammon Cooper,QB,2,2,1.0,2,0
Je'Quan Burton,WR,1,2,2.0,2,0
Gunner Romney,WR,1,2,2.0,2,0
Frank Ladson Jr.,WR,1,2,2.0,2,0
Marquez Bell,WR,1,2,2.0,2,0
Jax Dineen,FB,1,2,2.0,2,0
Caullin Lacy,WR,1,2,2.0,2,0
Jalen McMillan,WR,1,2,2.0,2,0
Jake Rubley,QB,6,2,0.3,3,0
Kody Epps,WR,1,2,2.0,2,0
DJ Lundy,LB,3,2,0.7,1,2
Levi Gazarek,TE,1,2,2.0,2,0
Diante Vines,WR,1,2,2.0,2,0
Connor Cigelske,QB,2,2,1.0,3,0
Shield Taylor,TE,1,2,2.0,2,0
Earnest Crownover,RB,2,2,1.0,2,0
Zach Middleton,RB,5,2,0.4,2,1
Kelsey Johnson,TE,1,2,2.0,2,1
Rocco Becht,QB,1,2,2.0,2,0
Denzel Boston,WR,1,2,2.0,2,1
Hal Presley,WR,1,2,2.0,2,0
Parker Kingston,WR,1,2,2.0,2,0
Sean Brown,WR,0,2,0.0,2,0
Anthony Frias II,RB,1,2,2.0,2,0
Keldric Moody,RB,1,2,2.0,2,0
Logan Adkins,RB,1,2,2.0,2,0
Cade Harris,WR,1,2,2.0,2,0
Camryn Edwards,RB,1,2,2.0,2,0
Ryan Jones,TE,2,1,0.5,6,0
Rocky Lombardi,QB,6,1,0.2,8,1
Daniel Barker,TE,2,1,0.5,4,0
Judge Culpepper,DT,1,1,1.0,1,0
Devin Leary,QB,23,1,0.0,12,3
Christopher Dunn,PK,1,1,1.0,1,0
Jaylon Hutchings,DL,1,1,1.0,1,1
Zaire Barnes,LB,1,1,1.0,1,0
Joel Wilson,TE,3,1,0.3,2,0
Demontrez Brown,WR,1,1,1.0,1,0
Will Choloh,DT,2,1,0.5,1,0
Drew Painter,TE,0,1,0.0,1,0
Harold Joiner III,DB,2,1,0.5,1,0
Ben Sims,TE,1,1,1.0,1,1
Jesse Matthews,WR,1,1,1.0,1,0
Nate Adkins,TE,1,1,1.0,1,0
Jack Albers,QB,1,1,1.0,1,0
Xavier Weaver,WR,1,1,1.0,1,0
Noah Sewell,LB,1,1,1.0,1,1
Mac Dalena,WR,1,1,1.0,1,0
Jordan Schippers,RB,1,1,1.0,1,1
Jacob Cowing,WR,3,1,0.3,4,0
Roman Fuller,QB,1,1,1.0,1,0
Tyson Mobley,WR,2,1,0.5,5,0
Tanner Arkin,TE,1,1,1.0,1,0
Duece Watts,WR,1,1,1.0,1,0
Donny Marcus,RB,3,1,0.3,3,0
Walker Eget,QB,1,1,1.0,1,0
Devin Brown,QB,1,1,1.0,1,0
Tanaka Scott,WR,1,1,1.0,1,0
Elijah Jackson-Anderson,RB,1,1,1.0,1,0
Maddux Madsen,QB,1,1,1.0,1,0
Josh Cameron,WR,1,1,1.0,1,0
Arlen Harris Jr.,RB,2,1,0.5,2,0
Bradley Davis,RB,2,1,0.5,2,0
D.J. Matthews Jr.,WR,4,0,0.0,4,0
Brady Russell,TE,2,0,0.0,1,0
Casey Roddick,OL,1,0,0.0,0,0
Trilion Coles,RB,3,0,0.0,1,0
Ilm Manning,G,1,0,0.0,0,0
Tahj Magee,WR,1,0,0.0,0,0
Dorian Morris,WR,1,0,0.0,0,0
Ethan Garbers,QB,7,0,0.0,5,2
Brenton Strange,TE,1,0,0.0,0,0
Jayden Thomas,WR,1,0,0.0,0,0
Sawyer Robertson,QB,2,0,0.0,8,0
Matt Sykes,WR,1,0,0.0,0,0
Trey Knox,TE,1,0,0.0,0,0
Mark-Antony Richards,RB,1,0,0.0,0,0
Case Hatch,FB,1,0,0.0,0,0
Dean Tate,WR,1,0,0.0,0,0
Michael Foor,RB,1,0,0.0,0,0
DJ Thomas-Jones,TE,1,0,0.0,0,0
Jalin Hyatt,WR,1,0,0.0,0,0
Peyton Rutherford,RB,2,0,0.0,0,0
Jeremiah Caldwell,CB,1,0,0.0,0,0
Zach Westmoreland,LB,1,0,0.0,0,0
Donnovan Moorer,WR,1,0,0.0,0,0
Will Kacmarek,TE,1,0,0.0,0,0
Jordan Kinsler,RB,3,0,0.0,4,0
Giovanni Sanders,WR,1,0,0.0,0,0
Zach Vigil,RB,3,0,0.0,3,0
Jalen Bracey,WR,8,0,0.0,10,0
LaMarcus Brand,WR,1,0,0.0,0,0
Tiquan Gilmore,WR,2,0,0.0,6,0
CJ Lewis,WR,1,-1,-1.0,0,0
Connor Blumrick,TE,2,-1,-0.5,1,0
Malik Sumter,C,0,-1,0.0,0,0
Julon Williams,RB,1,-1,-1.0,0,0
Jacob Copeland,WR,1,-1,-1.0,0,0
Braden Lenzy,WR,2,-1,-0.5,7,0
Connor Riddle,WR,0,-1,0.0,0,0
Smoke Harris,WR,8,-1,-0.1,12,0
Ty McCullouch,WR,1,-1,-1.0,0,0
Dazalin Worsham,WR,1,-1,-1.0,0,0
Harrison Bailey,QB,15,-1,-0.1,10,1
Jerjuan Newton,WR,1,-1,-1.0,0,0
Teddy Knox,WR,1,-1,-1.0,0,0
David Aggrey,RB,1,-1,-1.0,0,0
Jeshua Fixel,RB,2,-1,-0.5,0,0
Daton Montiel,PK,1,-1,-1.0,0,0
Alante Brown,WR,1,-1,-1.0,0,0
Jamari Gassett,WR,1,-1,-1.0,0,0
Evan Stewart,WR,1,-1,-1.0,0,0
Trexler Ivey,QB,2,-1,-0.5,5,0
Stevie Bracey,LB,1,-1,-1.0,0,0
Renard Bell,WR,1,-2,-2.0,2,0
Amare Jones,WR,1,-2,-2.0,0,0
Taye Barber,WR,1,-2,-2.0,0,0
Tre'Shaun Harrison,WR,1,-2,-2.0,0,0
Evan Simon,QB,22,-2,-0.1,15,0
Mavin Anderson,WR,2,-2,-1.0,3,0
Kamarro Edmonds,RB,2,-2,-1.0,0,0
Ty Thompson,QB,4,-2,-0.5,2,0
Courtney Jackson,WR,2,-2,-1.0,4,0
Darion Williamson,WR,2,-2,-1.0,1,0
Maasai Maynor,QB,10,-2,-0.2,10,1
Andrel Anthony,WR,1,-2,-2.0,0,0
Jaylen Henderson,QB,2,-2,-1.0,2,0
Jaden Bray,WR,1,-2,-2.0,0,0
Dane Key,WR,1,-2,-2.0,0,0
Barion Brown,WR,4,-2,-0.5,3,0
Kyre Duplessis,WR,1,-2,-2.0,0,0
Brian Plummer,QB,1,-2,-2.0,0,0
Jace Wilson,WR,1,-2,-2.0,0,0
Deandre Jackson,WR,1,-2,-2.0,0,0
Dante Capolungo,WR,1,-2,-2.0,0,0
John Samuel Shenker,TE,2,-3,-1.5,2,0
Ty Jones,WR,1,-3,-3.0,0,0
Austin Upshaw,WR,5,-3,-0.6,3,0
Nick Mihalic,P,1,-3,-3.0,0,0
Matthew Downing,QB,20,-3,-0.2,13,0
Jordan Watkins,WR,2,-3,-1.5,0,0
Caleb Coombs,WR,1,-3,-3.0,0,0
Da'Wain Lofton,WR,1,-3,-3.0,0,0
Ryan King,WR,1,-3,-3.0,0,0
Robert Ferrel,WR,1,-3,-3.0,0,0
Jack Lausch,QB,6,-3,-0.5,4,0
Tiaquelin Mims,WR,1,-3,-3.0,0,0
Jalen Walker,WR,2,-4,-2.0,10,0
Amad Anderson Jr.,WR,4,-4,-1.0,11,0
Kevin Terry,WR,1,-4,-4.0,0,0
Devin Ravenel,WR,1,-4,-4.0,0,0
Tauskie Dove,WR,1,-4,-4.0,0,0
Ryan Hilinski,QB,20,-4,-0.2,22,2
Christian Veilleux,QB,2,-4,-2.0,3,0
Luke Floriea,WR,1,-4,-4.0,0,0
Jayden Harrison,WR,1,-4,-4.0,0,0
Eugene Minter Jr.,TE,1,-4,-4.0,0,0
Devaughn Vele,WR,2,-4,-2.0,5,0
Ty Lyles,QB,1,-4,-4.0,0,0
Parker Navarro,QB,9,-4,-0.4,8,0
Mason Hunt,P,1,-4,-4.0,0,0
Jaxon Dailey,QB,1,-4,-4.0,0,0
Thomaz Whitford,TE,1,-4,-4.0,0,0
Kevin Hurley,QB,1,-4,-4.0,0,0
Ashtyn Hawkins,WR,1,-4,-4.0,0,0
Jordyn Tyson,WR,3,-4,-1.3,1,0
Kearis Jackson,WR,1,-5,-5.0,0,0
Michael Jefferson,WR,0,-5,0.0,0,0
Grant Gunnell,QB,1,-5,-5.0,0,0
Corey Crooms Jr.,WR,2,-5,-2.5,0,0
Bryson Green,WR,1,-5,-5.0,0,0
Omarion Dollison,WR,1,-5,-5.0,0,0
Nolan Groulx,WR,1,-5,-5.0,0,0
Gino English,QB,1,-5,-5.0,0,0
Garret Rangel,QB,26,-5,-0.2,7,0
Jordan Bly,WR,1,-5,-5.0,0,0
Dior Scott,WR,2,-5,-2.5,1,0
Davis Koetter,WR,1,-6,-6.0,0,0
Javon Harvey,WR,2,-6,-3.0,0,0
Ethan Hampton,QB,12,-6,-0.5,9,0
Brennan Holmes,WR,1,-6,-6.0,0,0
Kelly Akharaiyi,WR,1,-6,-6.0,0,0
Thayer Thomas,WR,1,-7,-7.0,0,0
Jonathan Mingo,WR,4,-7,-1.8,2,1
Messiah Travis,WR,1,-7,-7.0,0,0
Quentin Johnston,WR,3,-7,-2.3,2,0
Chance Lovertich,QB,1,-7,-7.0,0,0
Jeremy Singleton,WR,0,-8,0.0,0,0
Ben Finley,QB,6,-8,-1.3,14,0
J. Michael Sturdivant,WR,2,-8,-4.0,2,0
Will Pauling,WR,1,-8,-8.0,0,0
Ryan Jankowski,QB,1,-8,-8.0,0,0
Colston Loveland,TE,1,-8,-8.0,0,0
Brendan Sorsby,QB,2,-8,-4.0,0,0
Wayne Knight,RB,5,-8,-1.6,1,0
Matt McDonald,QB,71,-9,-0.1,31,1
Jason Brown,QB,2,-9,-4.5,0,0
Zach Jackson,WR,1,-9,-9.0,0,0
Anthony Beck II,P,1,-9,-9.0,0,0
Chase Wolf,QB,4,-9,-2.3,7,0
Mason Lawler,PK,1,-9,-9.0,0,0
Stone Hollenbach,QB,1,-9,-9.0,0,0
Jsi Hatfield,WR,1,-9,-9.0,0,0
Zy McDonald,QB,1,-9,-9.0,0,0
Myles Burkett,QB,1,-9,-9.0,0,0
Deacon Hill,QB,1,-10,-10.0,0,0
Jeremy Crawshaw,P,1,-10,-10.0,0,0
Nate Yarnell,QB,2,-10,-5.0,0,0
JP Richardson,WR,1,-10,-10.0,0,0
George Georgopoulos,P,1,-11,-11.0,0,0
Wiley Green,QB,3,-11,-3.7,2,0
Tanner McGee,QB,1,-11,-11.0,0,0
Romello Brinson,WR,2,-11,-5.5,0,0
Seven McGee,WR,3,-11,-3.7,6,0
Alex Bales,PK,1,-11,-11.0,0,0
Tyler Macon,QB,1,-11,-11.0,0,0
Kyle Crum,QB,11,-11,-1.0,9,0
Anthony Venneri,P,1,-11,-11.0,0,0
Tristan Gebbia,QB,1,-12,-12.0,0,0
Jackson Hubbard,P,1,-12,-12.0,0,0
Clayton Stewart,P,1,-12,-12.0,0,0
Ian Stewart,WR,1,-13,-13.0,0,0
Garrett Nussmeier,QB,1,-13,-13.0,0,0
Sam Huard,QB,1,-13,-13.0,0,0
Mikey Keene,QB,13,-13,-1.0,10,0
David Shanahan,P,1,-13,-13.0,0,0
Billy Atkins,QB,14,-13,-0.9,12,0
Rece Verhoff,PK,1,-13,-13.0,0,0
Eric Najarian,QB,3,-14,-4.7,0,0
Zach Gibson,QB,23,-14,-0.6,13,0
Giles Pooler,QB,5,-14,-2.8,4,0
J.T. Shrout,QB,30,-15,-0.5,12,1
Davis Beville,QB,15,-15,-1.0,13,0
Sam Vidlak,QB,2,-15,-7.5,0,0
Shawqi Itraish,QB,5,-16,-3.2,3,0
Henry Belin IV,QB,3,-16,-5.3,0,0
Emmett Morehead,QB,44,-17,-0.4,19,0
Holden Geriner,QB,2,-17,-8.5,0,0
Henry Colombi,QB,43,-18,-0.4,11,0
Navy Shuler,QB,1,-18,-18.0,0,0
Lincoln Victor,WR,1,-19,-19.0,0,0
Darius Ocean,QB,8,-19,-2.4,8,0
Kai Horton,QB,6,-20,-3.3,6,0
Casey Thompson,QB,56,-21,-0.4,31,5
Jake Lange,QB,5,-23,-4.6,6,0
Kaiya Sheron,QB,11,-24,-2.2,15,0
Hank Bachmeier,QB,12,-26,-2.2,8,0
Devin Kargman,QB,7,-27,-3.9,3,0
Clay Millen,QB,100,-28,-0.3,20,0
Cade McNamara,QB,4,-30,-7.5,0,0
Tyler Van Dyke,QB,30,-34,-1.1,9,0
Alex Padilla,QB,9,-35,-3.9,4,0
Andrew Stokes,P,2,-35,-17.5,0,0
Jarret Doege,QB,14,-39,-2.8,10,0
Chris Reynolds,QB,46,-40,-0.9,20,1
Graham Mertz,QB,50,-40,-0.8,15,2
Phil Jurkovec,QB,68,-43,-0.6,33,1
Joey Yellen,QB,7,-45,-6.4,0,0
E.J. Warner,QB,16,-50,-3.1,5,0
JT Daniels,QB,30,-51,-1.7,20,1
Quinn Ewers,QB,24,-52,-2.2,16,1
Daniel Richardson,QB,33,-55,-1.7,16,0
Shane Illingworth,QB,35,-63,-1.8,12,0
Kedon Slovis,QB,25,-68,-2.7,14,0
Cameron Friel,QB,12,-68,-5.7,4,0
Parker McNeil,QB,25,-68,-2.7,11,0
Jake Garcia,QB,25,-75,-3.0,14,0
AJ Swann,QB,21,-76,-3.6,7,0
Davis Brin,QB,48,-77,-1.6,21,2
Hayden Wolff,QB,62,-80,-1.3,15,1
Aidan O'Connell,QB,43,-81,-1.9,24,1
Jeff Undercuffler Jr.,QB,17,-83,-4.9,10,0
John Paddock,QB,27,-84,-3.1,15,0
Tanner McKee,QB,74,-90,-1.2,19,2
Taylor Powell,QB,44,-98,-2.2,17,2
Will Levis,QB,72,-107,-1.5,24,2
Ben Bryant,QB,47,-118,-2.5,16,0
James Blackman,QB,61,-120,-2.0,30,3
Jake Haener,QB,46,-123,-2.7,10,2
Jack Plummer,QB,52,-126,-2.4,24,1
Layne Hatcher,QB,50,-151,-3.0,12,1
Connor Bazelak,QB,47,-160,-3.4,12,1
Will Rogers,QB,44,-165,-3.8,15,0
Gunnar Watson,QB,61,-173,-2.8,9,2
Spencer Petras,QB,57,-182,-3.2,16,3