,,,,,Touchdowns,Touchdowns,Touchdowns,Touchdowns,Touchdowns,Touchdowns,Touchdowns,Touchdowns,Kicking,Kicking,Other,Other,,-additional
Rk,Player,School,Conf,G,Rush,Rec,Int,FR,PR,KR,Oth,Tot,XPM,FGM,2PM,Sfty,Pts,-9999
1,Jack Podlesny*,Georgia,SEC,15,0,0,0,0,0,0,0,0,73,26,0,0,151,jack-podlesny-1
2,Jake Moody*,Michigan,Big Ten,14,0,0,0,0,0,0,0,0,60,29,0,0,147,jake-moody-1
3,Will Reichard*,Alabama,SEC,13,0,0,0,0,0,0,0,0,64,22,0,0,130,will-reichard-1
4,Israel Abanikanda*,Pitt,ACC,11,20,1,0,0,0,0,0,21,0,0,1,0,128,israel-abanikanda-1
5,Tyjae Spears*,Tulane,American,14,19,2,0,0,0,0,0,21,0,0,0,0,126,tyjae-spears-1
6,Noah Ruggles*,Ohio State,Big Ten,13,0,0,0,0,0,0,0,0,74,17,0,0,125,noah-ruggles-1
7,Jared Sackett*,UTSA,CUSA,14,0,0,0,0,0,0,0,0,59,22,0,0,125,jared-sackett-2
8,Bijan Robinson*,Texas,Big 12,12,18,2,0,0,0,0,0,20,0,0,0,0,120,bijan-robinson-1
9,Mohamed Ibrahim*,Minnesota,Big Ten,12,20,0,0,0,0,0,0,20,0,0,0,0,120,mohamed-ibrahim-1
10,Denis Lynch*,USC,Pac-12,14,0,0,0,0,0,0,0,0,74,15,0,0,119,denis-lynch-1
11,Bert Auburn*,Texas,Big 12,13,0,0,0,0,0,0,0,0,55,21,0,0,118,bert-auburn-1
12,Chase McGrath*,Tennessee,SEC,13,0,0,0,0,0,0,0,0,70,16,0,0,118,chase-mcgrath-1
13,Jonah Dalmas*,Boise State,MWC,14,0,0,0,0,0,0,0,0,48,23,0,0,117,jonah-dalmas-1
14,Nathanial Vakos*,Ohio,MAC,14,0,0,0,0,0,0,0,0,49,22,0,0,115,nathanial-vakos-1
15,Peyton Henry*,Washington,Pac-12,13,0,0,0,0,0,0,0,0,58,19,0,0,115,peyton-henry-1
16,Blake Corum*,Michigan,Big Ten,12,18,1,0,0,0,0,0,19,0,0,0,0,114,blake-corum-1
17,DeWayne McBride*,UAB,CUSA,12,19,0,0,0,0,0,0,19,0,0,0,0,114,dewayne-mcbride-1
18,Jordan Mims*,Fresno State,MWC,14,18,1,0,0,0,0,0,19,0,0,0,0,114,jordan-mims-1
19,Christopher Dunn*,North Carolina State,ACC,13,0,0,0,0,0,0,0,0,30,28,0,0,114,christopher-dunn-1
20,Chris Howard*,Memphis,American,13,0,0,0,0,0,0,0,0,50,21,0,0,113,chris-howard-5
21,Griffin Kell*,TCU,Big 12,14,0,0,0,0,0,0,0,0,62,17,0,0,113,griffin-kell-1
22,Alex McNulty*,Buffalo,MAC,13,0,0,0,0,0,0,0,0,41,24,0,0,113,alex-mcnulty-1
23,Xazavian Valladay,Arizona State,Pac-12,12,16,2,0,0,0,0,0,18,0,0,2,0,112,xazavian-valladay-1
24,B.T. Potter*,Clemson,ACC,14,0,0,0,0,0,0,0,0,49,20,0,0,109,bt-potter-1
25,Nathaniel Dell*,Houston,American,13,0,17,0,0,1,0,0,18,0,0,0,0,108,nathaniel-dell-1
26,Tanner Brown*,Oklahoma State,Big 12,12,0,0,0,0,0,0,0,0,42,22,0,0,108,tanner-brown-1
27,Ethan Mooney*,North Texas,CUSA,14,0,0,0,0,0,0,0,0,54,18,0,0,108,ethan-mooney-1
28,Ben Sauls*,Pitt,ACC,13,0,0,0,0,0,0,0,0,47,20,0,0,107,ben-sauls-1
29,Collin Rogers*,SMU,American,13,0,0,0,0,0,0,0,0,58,16,0,0,106,collin-rogers-1
30,Camden Lewis*,Oregon,Pac-12,13,0,0,0,0,0,0,0,0,64,14,0,0,106,camden-lewis-1
31,Nicholas Barr-Mira*,UCLA,Pac-12,13,0,0,0,0,0,0,0,0,61,15,0,0,106,nicholas-barr-mira-1
32,Trey Wolff*,Texas Tech,Big 12,13,0,0,0,0,0,0,0,0,41,21,0,0,104,trey-wolff-1
33,Brayden Narveson*,Western Kentucky,CUSA,13,0,0,0,0,0,0,0,0,59,15,0,0,104,brayden-narveson-1
34,Alex Raynor*,Georgia Southern,Sun Belt,13,0,0,0,0,0,0,0,0,49,18,0,0,103,alex-raynor-1
35,Kendre Miller*,TCU,Big 12,14,17,0,0,0,0,0,0,17,0,0,0,0,102,kendre-miller-1
36,Brad Roberts*,Air Force,MWC,13,17,0,0,0,0,0,0,17,0,0,0,0,102,brad-roberts-1
37,Quinshon Judkins*,Ole Miss,SEC,13,16,1,0,0,0,0,0,17,0,0,0,0,102,quinshon-judkins-1
38,Noah Burnette*,North Carolina,ACC,14,0,0,0,0,0,0,0,0,57,15,0,0,102,noah-burnette-1
39,Ryan Coe*,Cincinnati,American,12,0,0,0,0,0,0,0,0,44,19,0,0,101,ryan-coe-1
40,Andre Szmyt*,Syracuse,ACC,13,0,0,0,0,0,0,0,0,40,20,0,0,100,andre-szmyt-1
41,Diego Guajardo*,South Alabama,Sun Belt,13,0,0,0,0,0,0,0,0,46,18,0,0,100,diego-guajardo-1
42,Harrison Mevis*,Missouri,SEC,13,0,0,0,0,0,0,0,0,33,22,0,0,99,harrison-mevis-1
43,Isaiah Bowser*,UCF,American,14,16,0,0,0,0,0,0,16,0,0,1,0,98,isaiah-bowser-1
44,James Turner*,Louisville,ACC,13,0,0,0,0,0,0,0,0,38,20,0,0,98,james-turner-2
45,Gavin Baechle,UTEP,CUSA,12,0,0,0,0,0,0,0,0,31,22,0,0,97,gavin-baechle-1
46,Khalan Laborn*,Marshall,Sun Belt,13,16,0,0,0,0,0,0,16,0,0,0,0,96,khalan-laborn-2
47,Chad Ryland*,Maryland,Big Ten,13,0,0,0,0,0,0,0,0,39,19,0,0,96,chad-ryland-1
48,Zach Schmit*,Oklahoma,Big 12,13,0,1,0,0,0,0,0,1,53,12,0,0,95,zach-schmit-1
49,Zack Long,Tulsa,American,12,0,0,0,0,0,0,0,0,44,17,0,0,95,zack-long-1
50,Mitchell Fineran*,Purdue,Big Ten,14,0,0,0,0,0,0,0,0,41,18,0,0,95,mitchell-fineran-1
51,Keaton Mitchell*,East Carolina,American,12,14,1,0,0,0,0,0,15,0,0,2,0,94,keaton-mitchell-1
52,John Hoyland*,Wyoming,MWC,13,0,0,0,0,0,0,0,0,28,22,0,0,94,john-hoyland-1
53,Matthew Dennis*,Wake Forest,ACC,13,0,0,0,0,0,0,0,0,57,12,0,0,93,matthew-dennis-1
54,Ryan Fitzgerald*,Florida State,ACC,13,0,0,0,0,0,0,0,0,57,12,0,0,93,ryan-fitzgerald-1
55,Jake Pinegar*,Penn State,Big Ten,13,0,0,0,0,0,0,0,0,57,12,0,0,93,jake-pinegar-1
56,Zeke Rankin*,Middle Tennessee State,CUSA,13,0,0,0,0,0,0,0,0,45,16,0,0,93,zeke-rankin-1
57,Jonathan Cruz*,Ole Miss,SEC,13,0,0,0,0,0,0,0,0,48,15,0,0,93,jonathan-cruz-1
58,Will Shipley*,Clemson,ACC,14,15,0,0,0,0,0,0,15,0,0,1,0,92,will-shipley-1
59,Zakhari Franklin*,UTSA,CUSA,14,0,15,0,0,0,0,0,15,0,0,1,0,92,zakhari-franklin-1
60,Bo Nix*,Oregon,Pac-12,13,14,1,0,0,0,0,0,15,0,0,1,0,92,bo-nix-1
61,Tyler Loop,Arizona,Pac-12,12,0,0,0,0,0,0,0,0,38,18,0,0,92,tyler-loop-1
62,Brooks Buce*,Troy,Sun Belt,14,0,0,0,0,0,0,0,0,41,17,0,0,92,brooks-buce-2
63,Matthew Trickett*,Minnesota,Big Ten,13,0,0,0,0,0,0,0,0,46,15,0,0,91,matthew-trickett-1
64,Blake Grupe*,Notre Dame,Ind,13,0,0,0,0,0,0,0,0,49,14,0,0,91,blake-grupe-1
65,Thomas Cluckey*,Toledo,MAC,14,0,0,0,0,0,0,0,0,52,13,0,0,91,thomas-cluckey-1
66,Carson Steele,Ball State,MAC,12,14,1,0,0,0,0,0,15,0,0,0,0,90,carson-steele-1
67,Samson Evans*,Eastern Michigan,MAC,12,15,0,0,0,0,0,0,15,0,0,0,0,90,samson-evans-1
68,Sieh Bangura*,Ohio,MAC,12,13,2,0,0,0,0,0,15,0,0,0,0,90,sieh-bangura-1
69,Jabari Small*,Tennessee,SEC,13,13,2,0,0,0,0,0,15,0,0,0,0,90,jabari-small-1
70,Jalin Hyatt*,Tennessee,SEC,12,0,15,0,0,0,0,0,15,0,0,0,0,90,jalin-hyatt-1
71,La'Damian Webb*,South Alabama,Sun Belt,12,13,2,0,0,0,0,0,15,0,0,0,0,90,ladamian-webb-1
72,Jack Browning*,San Diego State,MWC,13,0,0,0,0,0,0,0,0,30,20,0,0,90,jack-browning-1
73,Briggs Bourgeois*,Southern Mississippi,Sun Belt,13,0,0,0,0,0,0,0,0,36,18,0,0,90,briggs-bourgeois-1
74,Jesus Gomez*,Eastern Michigan,MAC,13,0,0,0,0,0,0,0,0,47,14,0,0,89,jesus-gomez-1
75,Cam Little*,Arkansas,SEC,13,0,0,0,0,0,0,0,0,50,13,0,0,89,cam-little-1
76,Daniel Gutierrez,UNLV,MWC,12,0,0,0,0,0,0,0,0,34,18,0,0,88,daniel-gutierrez-1
77,Matthew Quinn*,UAB,CUSA,13,0,0,0,0,0,0,0,0,45,14,0,0,87,matthew-quinn-2
78,John Richardson,Northern Illinois,MAC,12,0,0,0,0,0,0,0,0,31,18,0,0,85,john-richardson-1
79,Matthew Dapore*,Air Force,MWC,13,0,0,0,0,0,0,0,0,37,16,0,0,85,matthew-dapore-1
80,Damian Ramos*,LSU,SEC,14,0,0,0,0,0,0,0,0,55,10,0,0,85,damian-ramos-1
81,Richard Reese*,Baylor,Big 12,13,14,0,0,0,0,0,0,14,0,0,0,0,84,richard-reese-1
82,Marvin Harrison Jr.*,Ohio State,Big Ten,13,0,14,0,0,0,0,0,14,0,0,0,0,84,marvin-harrison-jr-1
83,Miyan Williams*,Ohio State,Big Ten,11,14,0,0,0,0,0,0,14,0,0,0,0,84,miyan-williams-1
84,Nicholas Singleton*,Penn State,Big Ten,13,12,1,0,0,0,1,0,14,0,0,0,0,84,nicholas-singleton-1
85,Zach Charbonnet*,UCLA,Pac-12,10,14,0,0,0,0,0,0,14,0,0,0,0,84,zach-charbonnet-1
86,Colton Boomer*,UCF,American,12,0,0,0,0,0,0,0,0,42,14,0,0,84,colton-boomer-1
87,Adam Mihalek*,Florida,SEC,13,0,0,0,0,0,0,0,0,42,14,0,0,84,adam-mihalek-1
88,Andres Borregales,Miami (FL),ACC,12,0,0,0,0,0,0,0,0,32,17,0,0,83,andres-borregales-1
89,Camden Wise,James Madison,Sun Belt,11,0,0,0,0,0,0,0,0,50,11,0,0,83,camden-wise-1
90,Andrew Glass,Kent State,MAC,12,0,0,0,0,0,0,0,0,31,17,0,0,82,andrew-glass-1
91,Dominic Zvada,Arkansas State,Sun Belt,12,0,0,0,0,0,0,0,0,30,17,0,0,81,dominic-zvada-1
92,Casey Legg,West Virginia,Big 12,12,0,0,0,0,0,0,0,0,37,14,0,0,79,casey-legg-1
93,Ben VonGunten,Ball State,MAC,12,0,0,0,0,0,0,0,0,28,17,0,0,79,ben-vongunten-1
94,Riley Leonard*,Duke,ACC,13,13,0,0,0,0,0,0,13,0,0,0,0,78,riley-leonard-1
95,Sean Tucker*,Syracuse,ACC,12,11,2,0,0,0,0,0,13,0,0,0,0,78,sean-tucker-2
96,Chase Brown*,Illinois,Big Ten,12,10,3,0,0,0,0,0,13,0,0,0,0,78,chase-brown-3
97,Marquez Cooper,Kent State,MAC,12,13,0,0,0,0,0,0,13,0,0,0,0,78,marquez-cooper-1
98,George Holani*,Boise State,MWC,13,10,3,0,0,0,0,0,13,0,0,0,0,78,george-holani-1
99,Cameron Davis*,Washington,Pac-12,11,13,0,0,0,0,0,0,13,0,0,0,0,78,cameron-davis-3
100,Nakia Watson*,Washington State,Pac-12,11,9,4,0,0,0,0,0,13,0,0,0,0,78,nakia-watson-1
101,Joshua Karty,Stanford,Pac-12,12,0,0,0,0,0,0,0,0,24,18,0,0,78,joshua-karty-1
102,Jacob Barnes,Louisiana Tech,CUSA,12,0,0,0,0,0,0,0,0,38,13,0,0,77,jacob-barnes-1
103,Graham Nicholson*,Miami (OH),MAC,13,0,0,0,0,0,0,0,0,26,17,0,0,77,graham-nicholson-1
104,Kenneth Almendares*,Louisiana,Sun Belt,9,0,0,0,0,0,0,0,0,23,18,0,0,77,kenneth-almendares-1
105,Michael Hughes,Appalachian State,Sun Belt,12,0,0,0,0,0,0,0,0,50,9,0,0,77,michael-hughes-3
106,Valentino Ambrosio*,Tulane,American,9,0,0,0,0,0,0,0,0,43,11,0,0,76,valentino-ambrosio-2
107,Connor Coles*,Utah State,MWC,12,1,0,0,0,0,0,0,1,33,12,0,0,75,connor-coles-1
108,Matthew Shipley,Hawaii,MWC,13,0,0,0,0,0,0,0,0,27,16,0,0,75,matthew-shipley-1
109,Mitch Jeter*,South Carolina,SEC,13,0,0,0,0,0,0,0,0,42,11,0,0,75,mitch-jeter-1
110,Raheim Sanders*,Arkansas,SEC,13,10,2,0,0,0,0,0,12,0,0,1,0,74,raheim-sanders-1
111,Caleb Griffin*,Illinois,Big Ten,11,0,0,0,0,0,0,0,0,32,14,0,0,74,caleb-griffin-1
112,Christian VanSickle*,Rice,CUSA,13,0,0,0,0,0,0,0,0,38,12,0,0,74,christian-vansickle-1
113,Michael Hayes,Georgia State,Sun Belt,12,0,0,0,0,0,0,0,0,41,11,0,0,74,michael-hayes-4
114,Nick Brown*,Liberty,Ind,13,0,0,0,0,0,0,0,0,40,11,0,0,73,nick-brown-3
115,Taren Schive*,San Jose State,MWC,12,0,0,0,0,0,0,0,0,37,12,0,0,73,taren-schive-1
116,Dean Janikowski*,Washington State,Pac-12,12,0,0,0,0,0,0,0,0,40,11,0,0,73,dean-janikowski-1
117,Matt Ruffolo*,Kentucky,SEC,12,0,0,0,0,0,0,0,0,25,16,0,0,73,matt-ruffolo-1
118,Malik Cunningham*,Louisville,ACC,10,12,0,0,0,0,0,0,12,0,0,0,0,72,malik-cunningham-1
119,Zay Flowers,Boston College,ACC,12,0,12,0,0,0,0,0,12,0,0,0,0,72,zay-flowers-1
120,Deuce Vaughn*,Kansas State,Big 12,14,9,3,0,0,0,0,0,12,0,0,0,0,72,deuce-vaughn-1
121,Charlie Jones*,Purdue,Big Ten,13,0,12,0,0,0,0,0,12,0,0,0,0,72,charlie-jones-7
122,Emeka Egbuka*,Ohio State,Big Ten,13,2,10,0,0,0,0,0,12,0,0,0,0,72,emeka-egbuka-1
123,Audric Estime*,Notre Dame,Ind,13,11,1,0,0,0,0,0,12,0,0,0,0,72,audric-estime-1
124,Tyhier Tyler,Army,Ind,11,12,0,0,0,0,0,0,12,0,0,0,0,72,tyhier-tyler-1
125,Devontez Walker,Kent State,MAC,12,1,11,0,0,0,0,0,12,0,0,0,0,72,devontez-walker-1
126,Dedrick Parson,Hawaii,MWC,13,11,1,0,0,0,0,0,12,0,0,0,0,72,dedrick-parson-1
127,Toa Taua,Nevada,MWC,12,11,1,0,0,0,0,0,12,0,0,0,0,72,toa-taua-1
128,Dorian Thompson-Robinson*,UCLA,Pac-12,13,12,0,0,0,0,0,0,12,0,0,0,0,72,dorian-thompson-robinson-1
129,Wayne Taulapapa*,Washington,Pac-12,13,11,1,0,0,0,0,0,12,0,0,0,0,72,wayne-taulapapa-1
130,Devon Achane,Texas A&M,SEC,10,8,3,0,0,0,1,0,12,0,0,0,0,72,devon-achane-1
131,Jayden Daniels*,LSU,SEC,14,11,1,0,0,0,0,0,12,0,0,0,0,72,jayden-daniels-1
132,Kenny McIntosh*,Georgia,SEC,15,10,2,0,0,0,0,0,12,0,0,0,0,72,kenny-mcintosh-1
133,Tucker Gregg,Georgia State,Sun Belt,12,12,0,0,0,0,0,0,12,0,0,0,0,72,tucker-gregg-1
134,Drew Stevens*,Iowa,Big Ten,13,0,0,0,0,0,0,0,0,24,16,0,0,72,drew-stevens-2
135,Jake Oldroyd*,Brigham Young,Ind,13,0,0,0,0,0,0,0,0,45,9,0,0,72,jake-oldroyd-1
136,Rece Verhoff*,Marshall,Sun Belt,13,0,0,0,0,0,0,0,0,33,13,0,0,72,rece-verhoff-1
137,Abraham Montano*,Fresno State,MWC,12,0,0,0,0,0,0,0,0,34,12,0,0,70,abraham-montano-1
138,Kade Hensley*,Coastal Carolina,Sun Belt,13,0,0,0,0,0,0,0,0,46,8,0,0,70,kade-hensley-1
139,Seth Keller,Texas State,Sun Belt,12,0,0,0,0,0,0,0,0,28,14,0,0,70,seth-keller-1
140,Jacob Borcila*,Kansas,Big 12,11,0,0,0,0,0,0,0,0,48,7,0,0,69,jacob-borcila-1
141,Charles Campbell,Indiana,Big Ten,12,0,0,0,0,0,0,0,0,27,14,0,0,69,charles-campbell-3
142,Jaydn Ott,California,Pac-12,12,8,3,0,0,0,0,0,11,0,0,1,0,68,jaydn-ott-1
143,Jalen White*,Georgia Southern,Sun Belt,11,10,1,0,0,0,0,0,11,0,0,1,0,68,jalen-white-1
144,Nate Van Zelst*,Wisconsin,Big Ten,11,0,0,0,0,0,0,0,0,35,11,0,0,68,nate-van-zelst-1
145,Mason Lawler*,Bowling Green State,MAC,13,0,0,0,0,0,0,0,0,34,11,0,0,67,mason-lawler-1
146,A.T. Perry*,Wake Forest,ACC,13,0,11,0,0,0,0,0,11,0,0,0,0,66,at-perry-1
147,Josh Downs*,North Carolina,ACC,11,0,11,0,0,0,0,0,11,0,0,0,0,66,josh-downs-2
148,John Rhys Plumlee*,UCF,American,13,11,0,0,0,0,0,0,11,0,0,0,0,66,john-rhys-plumlee-1
149,Michael Pratt*,Tulane,American,13,10,1,0,0,0,0,0,11,0,0,0,0,66,michael-pratt-1
150,Eric Gray*,Oklahoma,Big 12,12,11,0,0,0,0,0,0,11,0,0,0,0,66,eric-gray-2
151,Braelon Allen*,Wisconsin,Big Ten,12,11,0,0,0,0,0,0,11,0,0,0,0,66,braelon-allen-1
152,Kaytron Allen*,Penn State,Big Ten,13,10,1,0,0,0,0,0,11,0,0,0,0,66,kaytron-allen-1
153,Roman Hemby*,Maryland,Big Ten,13,10,1,0,0,0,0,0,11,0,0,0,0,66,roman-hemby-1
154,Frank Peasant*,Middle Tennessee State,CUSA,13,9,2,0,0,0,0,0,11,0,0,0,0,66,frank-peasant-1
155,Jyaire Shorter*,North Texas,CUSA,13,0,11,0,0,0,0,0,11,0,0,0,0,66,jyaire-shorter-1
156,Malachi Corley*,Western Kentucky,CUSA,14,0,11,0,0,0,0,0,11,0,0,0,0,66,malachi-corley-1
157,Victor Rosa*,Connecticut,Ind,12,11,0,0,0,0,0,0,11,0,0,0,0,66,victor-rosa-1
158,Sam Wiglusz*,Ohio,MAC,14,0,11,0,0,0,0,0,11,0,0,0,0,66,sam-wiglusz-1
159,Michael Wiley,Arizona,Pac-12,11,8,3,0,0,0,0,0,11,0,0,0,0,66,michael-wiley-3
160,Marshawn Lloyd*,South Carolina,SEC,9,9,2,0,0,0,0,0,11,0,0,0,0,66,marshawn-lloyd-1
161,Montrell Johnson*,Florida,SEC,13,10,1,0,0,0,0,0,11,0,0,0,0,66,montrell-johnson-1
162,John Mayers*,Baylor,Big 12,12,0,0,0,0,0,0,0,0,42,8,0,0,66,john-mayers-1
163,Carter Brown,Arizona State,Pac-12,12,0,0,0,0,0,0,0,0,33,11,0,0,66,carter-brown-1
164,Morgan Suarez,Florida Atlantic,CUSA,10,0,0,0,0,0,0,0,0,38,9,0,0,65,morgan-suarez-1
165,Quinn Maretzki,Army,Ind,12,0,0,0,0,0,0,0,0,41,8,0,0,65,quinn-maretzki-1
166,Tre Harris,Louisiana Tech,CUSA,12,0,10,0,0,0,0,0,10,0,0,2,0,64,tre-harris-1
167,Spencer Shrader,South Florida,American,12,0,0,0,0,0,0,0,0,37,9,0,0,64,spencer-shrader-1
168,Ty Zentner*,Kansas State,Big 12,14,0,0,0,0,0,0,0,0,31,11,0,0,64,ty-zentner-1
169,Noe Ruelas*,Connecticut,Ind,13,0,0,0,0,0,0,0,0,28,12,0,0,64,noe-ruelas-1
170,Dario Longhetto,California,Pac-12,12,0,0,0,0,0,0,0,0,31,11,0,0,64,dario-longhetto-1
171,Randy Bond,Texas A&M,SEC,10,0,0,0,0,0,0,0,0,25,13,0,0,64,randy-bond-1
172,C.J. Johnson*,East Carolina,American,13,0,10,0,0,0,0,0,10,0,0,1,0,62,cj-johnson-6
173,Brad Rozner*,Rice,CUSA,13,0,10,0,0,0,0,0,10,0,0,1,0,62,brad-rozner-1
174,Elijah Cooks*,San Jose State,MWC,12,0,10,0,0,0,0,0,10,0,0,1,0,62,elijah-cooks-1
175,Calum Sutherland,Louisiana-Monroe,Sun Belt,12,0,0,0,0,0,0,0,0,32,10,0,0,62,calum-sutherland-1
176,Timmy Bleekrode,Nebraska,Big Ten,12,0,0,0,0,0,0,0,0,34,9,0,0,61,timmy-bleekrode-1
177,Trey Benson*,Florida State,ACC,13,9,0,0,0,0,1,0,10,0,0,0,0,60,trey-benson-2
178,Rashee Rice*,SMU,American,12,0,10,0,0,0,0,0,10,0,0,0,0,60,rashee-rice-1
179,Tyler Lavine*,SMU,American,13,10,0,0,0,0,0,0,10,0,0,0,0,60,tyler-lavine-1
180,Adrian Martinez*,Kansas State,Big 12,10,10,0,0,0,0,0,0,10,0,0,0,0,60,adrian-martinez-2
181,Devin Neal*,Kansas,Big 12,13,9,1,0,0,0,0,0,10,0,0,0,0,60,devin-neal-3
182,Ikaika Ragsdale*,North Texas,CUSA,13,7,3,0,0,0,0,0,10,0,0,0,0,60,ikaika-ragsdale-1
183,Puka Nacua*,Brigham Young,Ind,9,5,5,0,0,0,0,0,10,0,0,0,0,60,puka-nacua-1
184,Aidan Robbins,UNLV,MWC,11,9,1,0,0,0,0,0,10,0,0,0,0,60,aidan-robbins-1
185,Kairee Robinson*,San Jose State,MWC,12,10,0,0,0,0,0,0,10,0,0,0,0,60,kairee-robinson-1
186,Nikko Remigio*,Fresno State,MWC,14,2,6,0,0,2,0,0,10,0,0,0,0,60,nikko-remigio-1
187,Taylen Green*,Boise State,MWC,13,10,0,0,0,0,0,0,10,0,0,0,0,60,taylen-green-1
188,Caleb Williams*,USC,Pac-12,14,10,0,0,0,0,0,0,10,0,0,0,0,60,caleb-williams-3
189,Brock Bowers*,Georgia,SEC,15,3,7,0,0,0,0,0,10,0,0,0,0,60,brock-bowers-1
190,Jahmyr Gibbs*,Alabama,SEC,12,7,3,0,0,0,0,0,10,0,0,0,0,60,jahmyr-gibbs-1
191,Jase McClellan*,Alabama,SEC,13,7,3,0,0,0,0,0,10,0,0,0,0,60,jase-mcclellan-1
192,Jaylen Wright*,Tennessee,SEC,13,10,0,0,0,0,0,0,10,0,0,0,0,60,jaylen-wright-1
193,Noah Cain*,LSU,SEC,14,10,0,0,0,0,0,0,10,0,0,0,0,60,noah-cain-1
194,Stetson Bennett*,Georgia,SEC,15,10,0,0,0,0,0,0,10,0,0,0,0,60,stetson-bennett-1
195,Tank Bigsby,Auburn,SEC,12,10,0,0,0,0,0,0,10,0,0,0,0,60,tank-bigsby-1
196,Zach Evans*,Ole Miss,SEC,12,9,1,0,0,0,0,0,10,0,0,0,0,60,zach-evans-1
197,Kimani Vidal*,Troy,Sun Belt,14,10,0,0,0,0,0,0,10,0,0,0,0,60,kimani-vidal-1
198,Palmer Domschke,Western Michigan,MAC,12,0,0,0,0,0,0,0,0,21,13,0,0,60,palmer-domschke-1
199,Jude McAtamney,Rutgers,Big Ten,12,0,0,0,0,0,0,0,0,23,12,0,0,59,jude-mcatamney-1
200,Anders Carlson,Auburn,SEC,9,0,0,0,0,0,0,0,0,22,12,0,0,58,anders-carlson-1
201,Ethan Sanchez,Old Dominion,Sun Belt,11,0,0,0,0,0,0,0,0,28,10,0,0,58,ethan-sanchez-1
202,Camden Price,Temple,American,8,0,0,0,0,0,0,0,0,18,13,0,0,57,camden-price-1
203,Jace Gilbert,Iowa State,Big 12,12,0,0,0,0,0,0,0,0,21,12,0,0,57,jace-gilbert-1
204,Garrett Shrader*,Syracuse,ACC,12,9,0,0,0,0,0,0,9,0,0,1,0,56,garrett-shrader-1
205,Tyler Scott*,Cincinnati,American,12,0,9,0,0,0,0,0,9,0,0,1,0,56,tyler-scott-3
206,Frank Harris*,UTSA,CUSA,14,9,0,0,0,0,0,0,9,0,0,1,0,56,frank-harris-3
207,Jalen McMillan*,Washington,Pac-12,13,0,9,0,0,0,0,0,9,0,0,1,0,56,jalen-mcmillan-1
208,Charlie Ham*,Duke,ACC,10,0,0,0,0,0,0,0,0,29,9,0,0,56,charlie-ham-1
209,Joseph Bulovas,Vanderbilt,SEC,12,0,0,0,0,0,0,0,0,34,7,0,0,55,joseph-bulovas-1
210,Jahmal Banks*,Wake Forest,ACC,12,0,9,0,0,0,0,0,9,0,0,0,0,54,jahmal-banks-1
211,Taylor Morin*,Wake Forest,ACC,13,0,9,0,0,0,0,0,9,0,0,0,0,54,taylor-morin-1
212,Brandon Thomas*,Memphis,American,9,9,0,0,0,0,0,0,9,0,0,0,0,54,brandon-thomas-5
213,Xavier Worthy*,Texas,Big 12,13,0,9,0,0,0,0,0,9,0,0,0,0,54,xavier-worthy-1
214,Trey Palmer,Nebraska,Big Ten,12,0,9,0,0,0,0,0,9,0,0,0,0,54,trey-palmer-1
215,Ari Broussard*,Rice,CUSA,7,9,0,0,0,0,0,0,9,0,0,0,0,54,ari-broussard-1
216,Elijah Spencer,Charlotte,CUSA,12,0,9,0,0,0,0,0,9,0,0,0,0,54,elijah-spencer-1
217,Grant Dubose,Charlotte,CUSA,12,0,9,0,0,0,0,0,9,0,0,0,0,54,grant-dubose-1
218,LaJohntay Wester,Florida Atlantic,CUSA,12,1,8,0,0,0,0,0,9,0,0,0,0,54,lajohntay-wester-1
219,Marquis Crosby,Louisiana Tech,CUSA,12,9,0,0,0,0,0,0,9,0,0,0,0,54,marquis-crosby-1
220,Dae Dae Hunter*,Liberty,Ind,9,8,1,0,0,0,0,0,9,0,0,0,0,54,dae-dae-hunter-1
221,Michael Mayer*,Notre Dame,Ind,12,0,9,0,0,0,0,0,9,0,0,0,0,54,michael-mayer-1
222,Shedro Louis*,Liberty,Ind,12,8,0,0,0,0,1,0,9,0,0,0,0,54,shedro-louis-1
223,Alex Adams,Akron,MAC,11,0,9,0,0,0,0,0,9,0,0,0,0,54,alex-adams-1
224,Justin Marshall*,Buffalo,MAC,13,0,9,0,0,0,0,0,9,0,0,0,0,54,justin-marshall-1
225,Mac Hippenhammer*,Miami (OH),MAC,13,0,9,0,0,0,0,0,9,0,0,0,0,54,mac-hippenhammer-1
226,Sean Tyler,Western Michigan,MAC,12,7,1,0,0,0,1,0,9,0,0,0,0,54,sean-tyler-1
227,Tanner Knue*,Eastern Michigan,MAC,12,0,9,0,0,0,0,0,9,0,0,0,0,54,tanner-knue-1
228,Chevan Cordeiro*,San Jose State,MWC,12,9,0,0,0,0,0,0,9,0,0,0,0,54,chevan-cordeiro-1
229,Tory Horton,Colorado State,MWC,12,0,8,0,0,1,0,0,9,0,0,0,0,54,tory-horton-1
230,Troy Franklin*,Oregon,Pac-12,13,0,9,0,0,0,0,0,9,0,0,0,0,54,troy-franklin-2
231,Anthony Richardson*,Florida,SEC,12,9,0,0,0,0,0,0,9,0,0,0,0,54,anthony-richardson-2
232,Cody Schrader*,Missouri,SEC,13,9,0,0,0,0,0,0,9,0,0,0,0,54,cody-schrader-1
233,Jarquez Hunter,Auburn,SEC,12,7,2,0,0,0,0,0,9,0,0,0,0,54,jarquez-hunter-1
234,Jo'quavious Marks*,Mississippi State,SEC,12,9,0,0,0,0,0,0,9,0,0,0,0,54,joquavious-marks-1
235,K.J. Jefferson*,Arkansas,SEC,11,9,0,0,0,0,0,0,9,0,0,0,0,54,kj-jefferson-1
236,Luther Burden*,Missouri,SEC,13,2,6,0,0,1,0,0,9,0,0,0,0,54,luther-burden-1
237,Will Sheppard,Vanderbilt,SEC,12,0,9,0,0,0,0,0,9,0,0,0,0,54,will-sheppard-1
238,Ali Jennings,Old Dominion,Sun Belt,9,0,9,0,0,0,0,0,9,0,0,0,0,54,ali-jennings-1
239,Frank Gore Jr.*,Southern Mississippi,Sun Belt,13,9,0,0,0,0,0,0,9,0,0,0,0,54,frank-gore-jr-1
240,Jalen Wayne*,South Alabama,Sun Belt,13,0,9,0,0,0,0,0,9,0,0,0,0,54,jalen-wayne-1
241,Kyle Ramsey*,Houston,American,9,0,0,0,0,0,0,0,0,38,5,0,0,53,kyle-ramsey-1
242,Cole Becker,Colorado,Pac-12,12,0,0,0,0,0,0,0,0,20,11,0,0,53,cole-becker-2
243,Cameron Carson,Massachusetts,Ind,12,0,0,0,0,0,0,0,0,13,13,0,0,52,cameron-carson-1
244,Connor Lytton,Boston College,ACC,11,0,0,0,0,0,0,0,0,24,9,0,0,51,connor-lytton-1
245,Brian Battie,South Florida,American,12,8,0,0,0,0,0,0,8,0,0,1,0,50,brian-battie-1
246,Tetairoa McMillan,Arizona,Pac-12,12,0,8,0,0,0,0,0,8,0,0,1,0,50,tetairoa-mcmillan-1
247,Gavin Stewart,Georgia Tech,ACC,10,0,0,0,0,0,0,0,0,13,12,0,0,49,gavin-stewart-1
248,Daniel Davies,Navy,American,12,0,0,0,0,0,0,0,0,19,10,0,0,49,daniel-davies-1
249,Keylon Stokes,Tulsa,American,12,0,8,0,0,0,0,0,8,0,0,0,0,48,keylon-stokes-1
250,CJ Donaldson,West Virginia,Big 12,7,8,0,0,0,0,0,0,8,0,0,0,0,48,cj-donaldson-1
251,Josh Henderson,Indiana,Big Ten,12,4,4,0,0,0,0,0,8,0,0,0,0,48,josh-henderson-2
252,Larry McCammon III,Florida Atlantic,CUSA,12,7,1,0,0,0,0,0,8,0,0,0,0,48,larry-mccammon-iii-1
253,Clyde Price,Akron,MAC,12,7,1,0,0,0,0,0,8,0,0,0,0,48,clyde-price-1
254,Re'Mahn Davis,Vanderbilt,SEC,12,5,3,0,0,0,0,0,8,0,0,0,0,48,remahn-davis-1
255,Percy Agyei-Obese,James Madison,Sun Belt,10,8,0,0,0,0,0,0,8,0,0,0,0,48,percy-agyei-obese-1
256,Kris Thornton,James Madison,Sun Belt,11,0,7,0,0,0,0,0,7,0,0,1,0,44,kris-thornton-1
257,William Ross,Virginia Tech,ACC,9,0,0,0,0,0,0,0,0,20,8,0,0,44,william-ross-1